n_circles,run_id,strategy,selection_scheme,archive_mode,population_size,num_children,best_fitness,optimum,gap,gap_pct,success,evaluations_used,wall_time_s,trace_len
5,0,SINGLE_VARIANCE,comma,off,30,7,0.6757570289288051,0.7071067811865476,0.0313497522577425,4.433524481993601,False,100200,0.9337730000261217,477
5,1,SINGLE_VARIANCE,comma,off,30,7,0.6502660551123239,0.7071067811865476,0.056840726074223635,8.038492570930106,False,100200,0.8926063000690192,477
5,2,SINGLE_VARIANCE,comma,off,30,7,0.6525608561435999,0.7071067811865476,0.05454592504294764,7.71395869679228,False,100200,0.8903528000228107,477
5,3,SINGLE_VARIANCE,comma,off,30,7,0.6415055075089424,0.7071067811865476,0.06560127367760515,9.277421094381832,False,100200,0.9318874999880791,477
5,4,SINGLE_VARIANCE,comma,off,30,7,0.6511427800053072,0.7071067811865476,0.05596400118124034,7.9145049475174,False,100200,0.9351074999431148,477
5,5,SINGLE_VARIANCE,comma,off,30,7,0.6295014581551545,0.7071067811865476,0.07760532303139311,10.975050034334124,False,100200,0.9558940000133589,477
5,6,SINGLE_VARIANCE,comma,off,30,7,0.605560987704458,0.7071067811865476,0.10154579348208959,14.360743834430853,False,100200,0.9574914999539033,477
5,7,SINGLE_VARIANCE,comma,off,30,7,0.587727690616789,0.7071067811865476,0.1193790905697586,16.882752894751864,False,100200,0.9146265001036227,477
5,8,SINGLE_VARIANCE,comma,off,30,7,0.6256206530836372,0.7071067811865476,0.08148612810291034,11.52387875084072,False,100200,0.9333197000669315,477
5,9,SINGLE_VARIANCE,comma,off,30,7,0.6588618090131131,0.7071067811865476,0.048244972173434486,6.822869396398362,False,100200,0.9431449000257999,477
5,10,SINGLE_VARIANCE,comma,off,30,7,0.6119194210923703,0.7071067811865476,0.09518736009417728,13.461525561167702,False,100200,0.8958948999643326,477
5,11,SINGLE_VARIANCE,comma,off,30,7,0.6242669463755315,0.7071067811865476,0.08283983481101609,11.715321789448579,False,100200,0.9219630999723449,477
5,12,SINGLE_VARIANCE,comma,off,30,7,0.7015754695197276,0.7071067811865476,0.005531311666819971,0.7822455976929333,False,100200,0.8959125999826938,477
5,13,SINGLE_VARIANCE,comma,off,30,7,0.6940753972457235,0.7071067811865476,0.013031383940824037,1.8429159905604304,False,100200,0.8348817999940366,477
5,14,SINGLE_VARIANCE,comma,off,30,7,0.6537388529932509,0.7071067811865476,0.05336792819329672,7.547364784671369,False,100200,0.8970771000022069,477
5,15,SINGLE_VARIANCE,comma,off,30,7,0.62032145289111,0.7071067811865476,0.08678532829543761,12.273298829040938,False,100200,0.9530736999586225,477
5,16,SINGLE_VARIANCE,comma,off,30,7,0.5991235683484232,0.7071067811865476,0.1079832128381244,15.271132410429603,False,100200,0.894118299940601,477
5,17,SINGLE_VARIANCE,comma,off,30,7,0.706142694057463,0.7071067811865476,0.0009640871290845787,0.1363425093260752,False,100200,0.914002800011076,477
5,18,SINGLE_VARIANCE,comma,off,30,7,0.6157403296825614,0.7071067811865476,0.09136645150398615,12.921167486284086,False,100200,0.9702205000212416,477
5,19,SINGLE_VARIANCE,comma,off,30,7,0.5690944370853807,0.7071067811865476,0.13801234410116692,19.517892880277266,False,100200,0.8971952999709174,477
5,20,SINGLE_VARIANCE,comma,off,30,7,0.6237946048764723,0.7071067811865476,0.08331217631007526,11.78212096485269,False,100200,0.9148797000525519,477
5,21,SINGLE_VARIANCE,comma,off,30,7,0.6771597919538171,0.7071067811865476,0.029946989232730425,4.235143832516841,False,100200,0.9042817999143153,477
5,22,SINGLE_VARIANCE,comma,off,30,7,0.6192412241939012,0.7071067811865476,0.08786555699264642,12.42606623644667,False,100200,0.9317869000369683,477
5,23,SINGLE_VARIANCE,comma,off,30,7,0.6208847447616908,0.7071067811865476,0.08622203642485682,12.193637328745952,False,100200,0.8545864999759942,477
5,24,SINGLE_VARIANCE,comma,off,30,7,0.6346547252628397,0.7071067811865476,0.07245205592370785,10.246268010912157,False,100200,0.8801225000061095,477
5,0,SINGLE_VARIANCE,plus,off,30,7,0.6251897539016634,0.7071067811865476,0.08191702728488415,11.584817097557004,False,100200,0.9466465999139473,477
5,1,SINGLE_VARIANCE,plus,off,30,7,0.7068462767628108,0.7071067811865476,0.00026050442373681815,0.03684088891067958,False,100200,0.9629979999735951,477
5,2,SINGLE_VARIANCE,plus,off,30,7,0.688260615113289,0.7071067811865476,0.01884616607325862,2.665250365953803,False,100200,0.9653421000111848,477
5,3,SINGLE_VARIANCE,plus,off,30,7,0.6431659862652516,0.7071067811865476,0.06394079492129601,9.042593936661353,False,100200,1.0206831999821588,477
5,4,SINGLE_VARIANCE,plus,off,30,7,0.5923310113185993,0.7071067811865476,0.11477576986794824,16.23174503790656,False,100200,0.9738521999679506,477
5,5,SINGLE_VARIANCE,plus,off,30,7,0.6540514344821227,0.7071067811865476,0.05305534670442491,7.50315908658044,False,100200,0.9869584999978542,477
5,6,SINGLE_VARIANCE,plus,off,30,7,0.635597540654677,0.7071067811865476,0.07150924053187058,10.112933779517121,False,100200,0.9766070999903604,477
5,7,SINGLE_VARIANCE,plus,off,30,7,0.6144517731102063,0.7071067811865476,0.0926550080763413,13.103396904335051,False,100200,0.9515846000285819,477
5,8,SINGLE_VARIANCE,plus,off,30,7,0.6332812185090226,0.7071067811865476,0.07382556267752494,10.440511198838074,False,100200,0.9782656999304891,477
5,9,SINGLE_VARIANCE,plus,off,30,7,0.6020373398006442,0.7071067811865476,0.10506944138590335,14.859062899890949,False,100200,0.9636461999034509,477
5,10,SINGLE_VARIANCE,plus,off,30,7,0.6769751127076865,0.7071067811865476,0.030131668478861062,4.261261421973519,False,100200,0.9415939000900835,477
5,11,SINGLE_VARIANCE,plus,off,30,7,0.659336417294272,0.7071067811865476,0.047770363892275625,6.755749649595417,False,100200,0.9483278000261635,477
5,12,SINGLE_VARIANCE,plus,off,30,7,0.6364359723270088,0.7071067811865476,0.0706708088595388,9.994361635303644,False,100200,0.9092737999744713,477
5,13,SINGLE_VARIANCE,plus,off,30,7,0.5974183366685752,0.7071067811865476,0.10968844451797233,15.512288587292522,False,100200,0.9346733000129461,477
5,14,SINGLE_VARIANCE,plus,off,30,7,0.6360362797149645,0.7071067811865476,0.07107050147158311,10.050886706576986,False,100200,0.9514519999502227,477
5,15,SINGLE_VARIANCE,plus,off,30,7,0.6304405554075923,0.7071067811865476,0.07666622577895532,10.84224162725564,False,100200,0.9293996000196785,477
5,16,SINGLE_VARIANCE,plus,off,30,7,0.6205387805187846,0.7071067811865476,0.08656800066776293,12.242564061187348,False,100200,0.919239699956961,477
5,17,SINGLE_VARIANCE,plus,off,30,7,0.6848086840259171,0.7071067811865476,0.02229809716063047,3.153427141967661,False,100200,0.9647188999224454,477
5,18,SINGLE_VARIANCE,plus,off,30,7,0.6442862713577935,0.7071067811865476,0.06282050982875409,8.884161699501634,False,100200,0.9311429000226781,477
5,19,SINGLE_VARIANCE,plus,off,30,7,0.6613434280814023,0.7071067811865476,0.04576335310514523,6.471915462096528,False,100200,0.9528146999655291,477
5,20,SINGLE_VARIANCE,plus,off,30,7,0.6736295656033617,0.7071067811865476,0.03347721558318584,4.734393230822933,False,100200,0.9586976000573486,477
5,21,SINGLE_VARIANCE,plus,off,30,7,0.6339763043467916,0.7071067811865476,0.07313047683975593,10.342211216959434,False,100200,0.9261681999778375,477
5,22,SINGLE_VARIANCE,plus,off,30,7,0.6358709652209671,0.7071067811865476,0.07123581596558048,10.074265706523777,False,100200,0.9847172000445426,477
5,23,SINGLE_VARIANCE,plus,off,30,7,0.6892249411698769,0.7071067811865476,0.017881840016670703,2.528874067176164,False,100200,0.9423836999339983,477
5,24,SINGLE_VARIANCE,plus,off,30,7,0.6992097351526517,0.7071067811865476,0.00789704603389585,1.116810960382017,False,100200,0.9182253000326455,477
7,0,SINGLE_VARIANCE,comma,off,30,7,0.5080268749908582,0.5358983848622454,0.0278715098713872,5.2008945461837275,False,100200,1.289792799972929,477
7,1,SINGLE_VARIANCE,comma,off,30,7,0.5087548114182672,0.5358983848622454,0.02714357344397822,5.0650597595952025,False,100200,1.254180199932307,477
7,2,SINGLE_VARIANCE,comma,off,30,7,0.5005687579185876,0.5358983848622454,0.03532962694365782,6.592598138309268,False,100200,1.2610427000327036,477
7,3,SINGLE_VARIANCE,comma,off,30,7,0.5230346330433434,0.5358983848622454,0.01286375181890198,2.4004087682049375,False,100200,1.2702623000368476,477
7,4,SINGLE_VARIANCE,comma,off,30,7,0.5113055388464942,0.5358983848622454,0.02459284601575118,4.589087541675061,False,100200,1.2612623000750318,477
7,5,SINGLE_VARIANCE,comma,off,30,7,0.5122484113764855,0.5358983848622454,0.023649973485759923,4.413145132325643,False,100200,1.2776843999745324,477
7,6,SINGLE_VARIANCE,comma,off,30,7,0.49680940087709446,0.5358983848622454,0.03908898398515093,7.294103712441472,False,100200,1.2653323999838904,477
7,7,SINGLE_VARIANCE,comma,off,30,7,0.5019442974209914,0.5358983848622454,0.033954087441253944,6.335918972769804,False,100200,1.3414896000176668,477
7,8,SINGLE_VARIANCE,comma,off,30,7,0.5051664483228747,0.5358983848622454,0.030731936539370674,5.734657428995691,False,100200,1.2565262999851257,477
7,9,SINGLE_VARIANCE,comma,off,30,7,0.5024662145986131,0.5358983848622454,0.03343217026363232,6.23852790155846,False,100200,1.214589299983345,477
7,10,SINGLE_VARIANCE,comma,off,30,7,0.5171167944134992,0.5358983848622454,0.018781590448746166,3.5046924900835523,False,100200,1.2581827000249177,477
7,11,SINGLE_VARIANCE,comma,off,30,7,0.5050895273214624,0.5358983848622454,0.030808857540782997,5.749011083267684,False,100200,1.2722792000276968,477
7,12,SINGLE_VARIANCE,comma,off,30,7,0.5131125886491034,0.5358983848622454,0.02278579621314203,4.251887457917829,False,100200,1.3030786999734119,477
7,13,SINGLE_VARIANCE,comma,off,30,7,0.4744509550696962,0.5358983848622454,0.06144742979254919,11.466246499015757,False,100200,1.3192058000713587,477
7,14,SINGLE_VARIANCE,comma,off,30,7,0.5011981877776279,0.5358983848622454,0.03470019708461747,6.475144927622291,False,100200,1.3802338000386953,477
7,15,SINGLE_VARIANCE,comma,off,30,7,0.5128702576926211,0.5358983848622454,0.023028127169624324,4.297107030009763,False,100200,1.2868320000125095,477
7,16,SINGLE_VARIANCE,comma,off,30,7,0.4884492577728334,0.5358983848622454,0.04744912708941201,8.854127653623921,False,100200,1.3300012999679893,477
7,17,SINGLE_VARIANCE,comma,off,30,7,0.5009468138963785,0.5358983848622454,0.034951570965866874,6.522051932448219,False,100200,1.2953908999916166,477
7,18,SINGLE_VARIANCE,comma,off,30,7,0.5225546565707982,0.5358983848622454,0.013343728291447143,2.4899735973037496,False,100200,1.277661900036037,477
7,19,SINGLE_VARIANCE,comma,off,30,7,0.5003828517536946,0.5358983848622454,0.03551553310855082,6.627288700950315,False,100200,1.3429006000515074,477
7,20,SINGLE_VARIANCE,comma,off,30,7,0.5215771535803487,0.5358983848622454,0.014321231281896663,2.6723781385491554,False,100200,1.2618576000677422,477
7,21,SINGLE_VARIANCE,comma,off,30,7,0.5074763226261064,0.5358983848622454,0.028422062236138967,5.303629016057767,False,100200,1.2923591999569908,477
7,22,SINGLE_VARIANCE,comma,off,30,7,0.5072594950590009,0.5358983848622454,0.02863888980324447,5.344089590903732,False,100200,1.3228649999946356,477
7,23,SINGLE_VARIANCE,comma,off,30,7,0.5041369370673549,0.5358983848622454,0.03176144779489054,5.9267668446238995,False,100200,1.289309100015089,477
7,24,SINGLE_VARIANCE,comma,off,30,7,0.48743508610806213,0.5358983848622454,0.04846329875418326,9.04337466265007,False,100200,1.3050200000870973,477
7,0,SINGLE_VARIANCE,plus,off,30,7,0.5087503348695073,0.5358983848622454,0.02714804999273812,5.065895094965929,False,100200,1.4163449999177828,477
7,1,SINGLE_VARIANCE,plus,off,30,7,0.5093426458876896,0.5358983848622454,0.026555738974555765,4.955368354278958,False,100200,1.3628897001035511,477
7,2,SINGLE_VARIANCE,plus,off,30,7,0.5017376896693315,0.5358983848622454,0.03416069519291387,6.3744725040914245,False,100200,1.3627647999674082,477
7,3,SINGLE_VARIANCE,plus,off,30,7,0.514184421372306,0.5358983848622454,0.02171396348993937,4.051880748907467,False,100200,1.3718194999964908,477
7,4,SINGLE_VARIANCE,plus,off,30,7,0.5078288356499082,0.5358983848622454,0.028069549212337175,5.2378491902998645,False,100200,1.3925689000170678,477
7,5,SINGLE_VARIANCE,plus,off,30,7,0.38436478461616586,0.5358983848622454,0.15153360024607954,28.27655475861003,False,100200,1.451492500025779,477
7,6,SINGLE_VARIANCE,plus,off,30,7,0.514387496797495,0.5358983848622454,0.021510888064750433,4.013986358678779,False,100200,1.3921136000426486,477
7,7,SINGLE_VARIANCE,plus,off,30,7,0.5275765668121508,0.5358983848622454,0.008321818050094576,1.5528723887148361,False,100200,1.3909699999494478,477
7,8,SINGLE_VARIANCE,plus,off,30,7,0.3914100579876504,0.5358983848622454,0.144488326874595,26.961888849830412,False,100200,1.4228361999848858,477
7,9,SINGLE_VARIANCE,plus,off,30,7,0.531341134253569,0.5358983848622454,0.0045572506086764,0.8503945407202259,False,100200,1.3240621000295505,477
7,10,SINGLE_VARIANCE,plus,off,30,7,0.5093605604579107,0.5358983848622454,0.02653782440433472,4.952025449965923,False,100200,1.3215223000152037,477
7,11,SINGLE_VARIANCE,plus,off,30,7,0.5147609199492543,0.5358983848622454,0.021137464912991066,3.944304649924356,False,100200,1.4453249999787658,477
7,12,SINGLE_VARIANCE,plus,off,30,7,0.40804882005062654,0.5358983848622454,0.12784956481161885,23.857053580126582,False,100200,1.4744692000094801,477
7,13,SINGLE_VARIANCE,plus,off,30,7,0.5145694969509395,0.5358983848622454,0.021328887911305938,3.9800246676967697,False,100200,1.5826405000407249,477
7,14,SINGLE_VARIANCE,plus,off,30,7,0.38888394750541017,0.5358983848622454,0.14701443735683523,27.433267483093054,False,100200,1.492085599922575,477
7,15,SINGLE_VARIANCE,plus,off,30,7,0.5111439689852861,0.5358983848622454,0.024754415876959257,4.619236888225082,False,100200,1.4157977000577375,477
7,16,SINGLE_VARIANCE,plus,off,30,7,0.40545969486087224,0.5358983848622454,0.13043869000137315,24.340190917892556,False,100200,1.4694200999801978,477
7,17,SINGLE_VARIANCE,plus,off,30,7,0.5060928438189768,0.5358983848622454,0.029805541043268602,5.561789676027895,False,100200,1.3985507000470534,477
7,18,SINGLE_VARIANCE,plus,off,30,7,0.5146556668076918,0.5358983848622454,0.021242718054553578,3.9639451535227326,False,100200,1.3958216999890283,477
7,19,SINGLE_VARIANCE,plus,off,30,7,0.5224778527967882,0.5358983848622454,0.013420532065457236,2.5043053766446848,False,100200,1.3880266000051051,477
7,20,SINGLE_VARIANCE,plus,off,30,7,0.40974758201689987,0.5358983848622454,0.12615080284534552,23.5400602817217,False,100200,1.414860300021246,477
7,21,SINGLE_VARIANCE,plus,off,30,7,0.5068505955918122,0.5358983848622454,0.029047789270433166,5.4203912702405335,False,100200,1.400760699994862,477
7,22,SINGLE_VARIANCE,plus,off,30,7,0.5169886015780908,0.5358983848622454,0.018909783284154602,3.528613598829082,False,100200,1.4011572999879718,477
7,23,SINGLE_VARIANCE,plus,off,30,7,0.5154253639117032,0.5358983848622454,0.020473020950542153,3.82031771859227,False,100200,1.4032433000393212,477
7,24,SINGLE_VARIANCE,plus,off,30,7,0.5060137748163954,0.5358983848622454,0.02988461004584997,5.576544152774768,False,100200,1.3897154000587761,477
10,0,SINGLE_VARIANCE,comma,off,30,7,0.36408814761271346,0.42127954398390344,0.05719139637118997,13.575640495227839,False,100200,2.0566980000585318,477
10,1,SINGLE_VARIANCE,comma,off,30,7,0.37314872441921465,0.42127954398390344,0.04813081956468879,11.424912567444244,False,100200,2.091228900011629,477
10,2,SINGLE_VARIANCE,comma,off,30,7,0.1952585483468637,0.42127954398390344,0.22602099563703973,53.65107299054513,False,100200,2.4220600000116974,477
10,3,SINGLE_VARIANCE,comma,off,30,7,0.3849005152931222,0.42127954398390344,0.036379028690781245,8.635365569084277,False,100200,2.1432767999358475,477
10,4,SINGLE_VARIANCE,comma,off,30,7,0.194590308053791,0.42127954398390344,0.22668923593011245,53.80969457628685,False,100200,2.470043900073506,477
10,5,SINGLE_VARIANCE,comma,off,30,7,0.3729281302551045,0.42127954398390344,0.04835141372879892,11.477275462168267,False,100200,2.268431100063026,477
10,6,SINGLE_VARIANCE,comma,off,30,7,0.40274596325505735,0.42127954398390344,0.01853358072884609,4.39935453632048,False,100200,2.1712523999158293,477
10,7,SINGLE_VARIANCE,comma,off,30,7,0.36138761057292323,0.42127954398390344,0.0598919334109802,14.216672579114972,False,100200,2.019261399982497,477
10,8,SINGLE_VARIANCE,comma,off,30,7,0.3745515262445306,0.42127954398390344,0.04672801773937285,11.09192658572529,False,100200,2.2129521999740973,477
10,9,SINGLE_VARIANCE,comma,off,30,7,0.3885247022458579,0.42127954398390344,0.03275484173804555,7.775084787714513,False,100200,2.303029599948786,477
10,10,SINGLE_VARIANCE,comma,off,30,7,0.3570790254362073,0.42127954398390344,0.06420051854769615,15.239410378337565,False,100200,2.0417431000387296,477
10,11,SINGLE_VARIANCE,comma,off,30,7,0.3665939764987999,0.42127954398390344,0.05468556748510356,12.980826690031034,False,100200,1.9981365000130609,477
10,12,SINGLE_VARIANCE,comma,off,30,7,0.34021920848030757,0.42127954398390344,0.08106033550359587,19.241460132869182,False,100200,2.0291253000032157,477
10,13,SINGLE_VARIANCE,comma,off,30,7,0.3841035542743256,0.42127954398390344,0.03717598970957786,8.824541860736137,False,100200,2.169087899965234,477
10,14,SINGLE_VARIANCE,comma,off,30,7,0.368080954090202,0.42127954398390344,0.053198589893701465,12.627859731953686,False,100200,2.077647100086324,477
10,15,SINGLE_VARIANCE,comma,off,30,7,0.36565509090481785,0.42127954398390344,0.05562445307908559,13.203691912753051,False,100200,2.054135199985467,477
10,16,SINGLE_VARIANCE,comma,off,30,7,0.35805803179448104,0.42127954398390344,0.0632215121894224,15.00702160649842,False,100200,2.0175901000620797,477
10,17,SINGLE_VARIANCE,comma,off,30,7,0.21911616676476578,0.42127954398390344,0.20216337721913766,47.98794057440921,False,100200,2.1907472000457346,477
10,18,SINGLE_VARIANCE,comma,off,30,7,0.18541725500983974,0.42127954398390344,0.2358622889740637,55.987121222072844,False,100200,2.20305140002165,477
10,19,SINGLE_VARIANCE,comma,off,30,7,0.358585892407897,0.42127954398390344,0.06269365157600643,14.881722236767772,False,100200,2.0019591000163928,477
10,20,SINGLE_VARIANCE,comma,off,30,7,0.3508889797938918,0.42127954398390344,0.07039056419001166,16.708754363990955,False,100200,2.055098699987866,477
10,21,SINGLE_VARIANCE,comma,off,30,7,0.19976094218158716,0.42127954398390344,0.22151860180231628,52.58233041829826,False,100200,2.2336958999512717,477
10,22,SINGLE_VARIANCE,comma,off,30,7,0.21241095429324397,0.42127954398390344,0.20886858969065947,49.57957077988104,False,100200,2.1458677999908105,477
10,23,SINGLE_VARIANCE,comma,off,30,7,0.3307108285203398,0.42127954398390344,0.09056871546356365,21.498484024902993,False,100200,1.948194699943997,477
10,24,SINGLE_VARIANCE,comma,off,30,7,0.4010502898228912,0.42127954398390344,0.020229254161012233,4.8018600594063425,False,100200,2.1141006000107154,477
10,0,SINGLE_VARIANCE,plus,off,30,7,0.37789399456559636,0.42127954398390344,0.04338554941830708,10.298517940848509,False,100200,2.1580755000468343,477
10,1,SINGLE_VARIANCE,plus,off,30,7,0.3725492408249551,0.42127954398390344,0.04873030315894833,11.567213232838633,False,100200,2.0927423000102863,477
10,2,SINGLE_VARIANCE,plus,off,30,7,0.27126615486791716,0.42127954398390344,0.15001338911598627,35.60898962654548,False,100200,2.1833094999892637,477
10,3,SINGLE_VARIANCE,plus,off,30,7,0.25262178926244866,0.42127954398390344,0.16865775472145478,40.03464139903716,False,100200,2.1534777999622747,477
10,4,SINGLE_VARIANCE,plus,off,30,7,0.27938929831986015,0.42127954398390344,0.1418902456640433,33.680782200396784,False,100200,2.3058608999708667,477
10,5,SINGLE_VARIANCE,plus,off,30,7,0.2719938051594122,0.42127954398390344,0.14928573882449125,35.43626576613349,False,100200,2.2069517999188974,477
10,6,SINGLE_VARIANCE,plus,off,30,7,0.277546058581183,0.42127954398390344,0.14373348540272046,34.11831584403071,False,100200,2.1417698999866843,477
10,7,SINGLE_VARIANCE,plus,off,30,7,0.36688383467292135,0.42127954398390344,0.05439570931098209,12.91202245344732,False,100200,2.085910000023432,477
10,8,SINGLE_VARIANCE,plus,off,30,7,0.2750950022092053,0.42127954398390344,0.14618454177469814,34.700128183836924,False,100200,2.268389099976048,477
10,9,SINGLE_VARIANCE,plus,off,30,7,0.258738067695257,0.42127954398390344,0.16254147628864646,38.58280768905716,False,100200,2.1355916999746114,477
10,10,SINGLE_VARIANCE,plus,off,30,7,0.2700111564939934,0.42127954398390344,0.15126838748991006,35.90689119614359,False,100200,2.2957504000514746,477
10,11,SINGLE_VARIANCE,plus,off,30,7,0.308840953946348,0.42127954398390344,0.11243859003755546,26.6897815579319,False,100200,2.470911500044167,477
10,12,SINGLE_VARIANCE,plus,off,30,7,0.25666905790102934,0.42127954398390344,0.1646104860828741,39.073932839512295,False,100200,2.2134689000668004,477
10,13,SINGLE_VARIANCE,plus,off,30,7,0.35967541893648347,0.42127954398390344,0.061604125047419966,14.62309906264373,False,100200,2.126849599997513,477
10,14,SINGLE_VARIANCE,plus,off,30,7,0.28036320607486626,0.42127954398390344,0.14091633790903718,33.4496036946008,False,100200,2.664991099969484,477
10,15,SINGLE_VARIANCE,plus,off,30,7,0.25836293188356085,0.42127954398390344,0.16291661210034258,38.67185445552216,False,100200,2.4456898999633268,477
10,16,SINGLE_VARIANCE,plus,off,30,7,0.39991621056920384,0.42127954398390344,0.021363333414699592,5.0710588063862545,False,100200,2.1462821000022814,477
10,17,SINGLE_VARIANCE,plus,off,30,7,0.3863630866160037,0.42127954398390344,0.03491645736789972,8.288191977637025,False,100200,2.16460180003196,477
10,18,SINGLE_VARIANCE,plus,off,30,7,0.2570988606441762,0.42127954398390344,0.16418068333972724,38.971909670031444,False,100200,2.1719876000424847,477
10,19,SINGLE_VARIANCE,plus,off,30,7,0.253074105318442,0.42127954398390344,0.16820543866546145,39.92727419774466,False,100200,2.2019181000068784,477
10,20,SINGLE_VARIANCE,plus,off,30,7,0.37718254485979064,0.42127954398390344,0.0440969991241128,10.46739623460039,False,100200,2.2291267999680713,477
10,21,SINGLE_VARIANCE,plus,off,30,7,0.2556709602463799,0.42127954398390344,0.16560858373752352,39.310853352008756,False,100200,2.187804999994114,477
10,22,SINGLE_VARIANCE,plus,off,30,7,0.27074504290068896,0.42127954398390344,0.15053450108321448,35.732687056119254,False,100200,2.144203000003472,477
10,23,SINGLE_VARIANCE,plus,off,30,7,0.27179595514014326,0.42127954398390344,0.14948358884376017,35.483229835976026,False,100200,2.3453922999324277,477
10,24,SINGLE_VARIANCE,plus,off,30,7,0.36997114655971103,0.42127954398390344,0.05130839742419241,12.179180821120724,False,100200,2.144619100028649,477
15,0,SINGLE_VARIANCE,comma,off,30,7,0.15678793705382948,0.34108137740210887,0.18429344034827938,54.03210276444131,False,100200,9.163857299950905,477
15,1,SINGLE_VARIANCE,comma,off,30,7,0.24321999246146808,0.34108137740210887,0.09786138494064078,28.691506316180288,False,100200,8.917123099905439,477
15,2,SINGLE_VARIANCE,comma,off,30,7,0.28243220784783074,0.34108137740210887,0.058649169554278124,17.195066468004566,False,100200,8.715763599961065,477
15,3,SINGLE_VARIANCE,comma,off,30,7,0.2575186781976675,0.34108137740210887,0.08356269920444137,24.49934377564312,False,100200,8.606098799966276,477
15,4,SINGLE_VARIANCE,comma,off,30,7,0.11417917520017953,0.34108137740210887,0.22690220220192933,66.52435964993451,False,100200,9.142471199971624,477
15,5,SINGLE_VARIANCE,comma,off,30,7,0.12767843430395837,0.34108137740210887,0.2134029430981505,62.566577138735056,False,100200,9.25967469997704,477
15,6,SINGLE_VARIANCE,comma,off,30,7,0.1178954161091245,0.34108137740210887,0.22318596129298435,65.43481294490762,False,100200,8.946798900025897,477
15,7,SINGLE_VARIANCE,comma,off,30,7,0.2654019228212889,0.34108137740210887,0.07567945458081998,22.18809339789891,False,100200,8.649016600102186,477
15,8,SINGLE_VARIANCE,comma,off,30,7,0.12872298174340205,0.34108137740210887,0.21235839565870682,62.26033132508214,False,100200,8.865117000066675,477
15,9,SINGLE_VARIANCE,comma,off,30,7,0.2548060519847281,0.34108137740210887,0.08627532541738075,25.294645540166428,False,100200,8.742850000038743,477
15,10,SINGLE_VARIANCE,comma,off,30,7,0.259431469750446,0.34108137740210887,0.08164990765166286,23.938541668138,False,100200,8.926269100047648,477
15,11,SINGLE_VARIANCE,comma,off,30,7,0.15926860964613454,0.34108137740210887,0.18181276775597432,53.30480636051583,False,100200,18.836858200025745,477
15,12,SINGLE_VARIANCE,comma,off,30,7,0.13565569303165753,0.34108137740210887,0.20542568437045133,60.22776322035025,False,100200,22.58501499996055,477
15,13,SINGLE_VARIANCE,comma,off,30,7,0.2709370324802323,0.34108137740210887,0.07014434492187654,20.56528135782146,False,100200,21.72011840005871,477
15,14,SINGLE_VARIANCE,comma,off,30,7,0.13001462241647546,0.34108137740210887,0.2110667549856334,61.8816414408934,False,100200,20.00931059999857,477
15,15,SINGLE_VARIANCE,comma,off,30,7,0.10642845550932623,0.34108137740210887,0.23465292189278264,68.79675568336432,False,100200,19.052167300018482,477
15,16,SINGLE_VARIANCE,comma,off,30,7,0.11485364349054238,0.34108137740210887,0.22622773391156648,66.32661555276331,False,100200,20.948279800009914,477
15,17,SINGLE_VARIANCE,comma,off,30,7,0.2730015358998037,0.34108137740210887,0.06807984150230517,19.9599995815791,False,100200,20.462302399915643,477
15,18,SINGLE_VARIANCE,comma,off,30,7,0.12059356797405757,0.34108137740210887,0.2204878094280513,64.64375484449654,False,100200,21.134016699972562,477
15,19,SINGLE_VARIANCE,comma,off,30,7,0.26454223169172414,0.34108137740210887,0.07653914571038473,22.440142083791027,False,100200,12.013171600061469,477
15,20,SINGLE_VARIANCE,comma,off,30,7,0.24872310628082975,0.34108137740210887,0.09235827112127912,27.078074981618176,False,100200,16.106846500071697,477
15,21,SINGLE_VARIANCE,comma,off,30,7,0.1304877668592707,0.34108137740210887,0.21059361054283818,61.74292250924166,False,100200,21.584788599982858,477
15,22,SINGLE_VARIANCE,comma,off,30,7,0.26051971309733046,0.34108137740210887,0.0805616643047784,23.619484862640963,False,100200,22.494250799994916,477
15,23,SINGLE_VARIANCE,comma,off,30,7,0.1252294235763848,0.34108137740210887,0.21585195382572406,63.284590753616875,False,100200,24.291657000081614,477
15,24,SINGLE_VARIANCE,comma,off,30,7,0.2818526722135401,0.34108137740210887,0.059228705188568764,17.364977718716858,False,100200,24.49603549996391,477
15,0,SINGLE_VARIANCE,plus,off,30,7,0.17827977949868287,0.34108137740210887,0.162801597903426,47.73101338555208,False,100200,20.2851798000047,477
15,1,SINGLE_VARIANCE,plus,off,30,7,0.1791141751856016,0.34108137740210887,0.16196720221650726,47.486380948192405,False,100200,22.130576099967584,477
15,2,SINGLE_VARIANCE,plus,off,30,7,0.1792179303632573,0.34108137740210887,0.16186344703885155,47.455961469285064,False,100200,24.7750605000183,477
15,3,SINGLE_VARIANCE,plus,off,30,7,0.1719668041396813,0.34108137740210887,0.16911457326242757,49.58188410944946,False,100200,25.044344699941576,477
15,4,SINGLE_VARIANCE,plus,off,30,7,0.17446429627130475,0.34108137740210887,0.16661708113080412,48.84965646610935,False,100200,22.512736700009555,477
15,5,SINGLE_VARIANCE,plus,off,30,7,0.16570946500469588,0.34108137740210887,0.17537191239741298,51.416443117814346,False,100200,23.165210100007243,477
15,6,SINGLE_VARIANCE,plus,off,30,7,0.16884343665888193,0.34108137740210887,0.17223794074322693,50.4976091204685,False,100200,23.711014000000432,477
15,7,SINGLE_VARIANCE,plus,off,30,7,0.17802010678569502,0.34108137740210887,0.16306127061641384,47.80714557282237,False,100200,25.658217099960893,477
15,8,SINGLE_VARIANCE,plus,off,30,7,0.1629086435167216,0.34108137740210887,0.17817273388538726,52.23760242862372,False,100200,28.518955799983814,477
15,9,SINGLE_VARIANCE,plus,off,30,7,0.18128446349377725,0.34108137740210887,0.15979691390833162,46.85008461190282,False,100200,27.13254230003804,477
15,10,SINGLE_VARIANCE,plus,off,30,7,0.1696017047453409,0.34108137740210887,0.17147967265676797,50.27529616623031,False,100200,24.857150799944066,477
15,11,SINGLE_VARIANCE,plus,off,30,7,0.16888031023990946,0.34108137740210887,0.1722010671621994,50.4867983335213,False,100200,25.619394100038335,477
15,12,SINGLE_VARIANCE,plus,off,30,7,0.1738139118676244,0.34108137740210887,0.16726746553448446,49.04033952498348,False,100200,20.79641760000959,477
15,13,SINGLE_VARIANCE,plus,off,30,7,0.1872920035880927,0.34108137740210887,0.15378937381401617,45.08876297655801,False,100200,23.002892900025472,477
15,14,SINGLE_VARIANCE,plus,off,30,7,0.1740699797242177,0.34108137740210887,0.16701139767789117,48.96526422813096,False,100200,12.572021099971607,477
15,15,SINGLE_VARIANCE,plus,off,30,7,0.166158976784653,0.34108137740210887,0.17492240061745587,51.28465293232228,False,100200,9.294601900037378,477
15,16,SINGLE_VARIANCE,plus,off,30,7,0.1840742197522079,0.34108137740210887,0.15700715764990097,46.03216946224582,False,100200,8.924038000055589,477
15,17,SINGLE_VARIANCE,plus,off,30,7,0.17361689028903374,0.34108137740210887,0.16746448711307513,49.098103329061935,False,100200,9.007166799972765,477
15,18,SINGLE_VARIANCE,plus,off,30,7,0.18077618554634953,0.34108137740210887,0.16030519185575934,46.99910416591633,False,100200,8.89087510004174,477
15,19,SINGLE_VARIANCE,plus,off,30,7,0.18591631392287852,0.34108137740210887,0.15516506347923034,45.492094778397295,False,100200,8.707147800014354,477
15,20,SINGLE_VARIANCE,plus,off,30,7,0.18950305985016033,0.34108137740210887,0.15157831755194853,44.44051408096939,False,100200,23.108789000078104,477
15,21,SINGLE_VARIANCE,plus,off,30,7,0.17022719467752703,0.34108137740210887,0.17085418272458183,50.091911797095214,False,100200,22.88216820009984,477
15,22,SINGLE_VARIANCE,plus,off,30,7,0.1712500076728357,0.34108137740210887,0.16983136972927315,49.7920382000378,False,100200,23.155452999984846,477
15,23,SINGLE_VARIANCE,plus,off,30,7,0.17434030877947904,0.34108137740210887,0.16674106862262983,48.886007759390175,False,100200,24.847375600016676,477
15,24,SINGLE_VARIANCE,plus,off,30,7,0.18133945058818748,0.34108137740210887,0.15974192681392138,46.83396321154112,False,100200,26.88877009996213,477
20,0,SINGLE_VARIANCE,comma,off,30,7,0.1886220515319601,0.28661165235168157,0.09798960081972147,34.188980111487275,False,100200,26.875181000097655,477
20,1,SINGLE_VARIANCE,comma,off,30,7,0.10154090223209118,0.28661165235168157,0.1850707501195904,64.57195602518726,False,100200,28.247740700026043,477
20,2,SINGLE_VARIANCE,comma,off,30,7,0.09412379596079434,0.28661165235168157,0.19248785639088722,67.15981531507957,False,100200,28.209677599952556,477
20,3,SINGLE_VARIANCE,comma,off,30,7,0.10437666252489361,0.28661165235168157,0.18223498982678796,63.58254744059738,False,100200,26.946314699947834,477
20,4,SINGLE_VARIANCE,comma,off,30,7,0.099636367395134,0.28661165235168157,0.18697528495654758,65.23645616721926,False,100200,28.72344970004633,477
20,5,SINGLE_VARIANCE,comma,off,30,7,0.09254618010840128,0.28661165235168157,0.1940654722432803,67.71025206091615,False,100200,26.773350000032224,477
20,6,SINGLE_VARIANCE,comma,off,30,7,0.11298807667711107,0.28661165235168157,0.17362357567457049,60.57798915360526,False,100200,26.61852890008595,477
20,7,SINGLE_VARIANCE,comma,off,30,7,0.11760539583324803,0.28661165235168157,0.16900625651843354,58.96698725670005,False,100200,25.589206000091508,477
20,8,SINGLE_VARIANCE,comma,off,30,7,0.10763469177369273,0.28661165235168157,0.17897696057798884,62.44580745739481,False,100200,24.24396890006028,477
20,9,SINGLE_VARIANCE,comma,off,30,7,0.09259860849598583,0.28661165235168157,0.19401304385569573,67.69195957798519,False,100200,24.746686600032263,477
20,10,SINGLE_VARIANCE,comma,off,30,7,0.19372712030534528,0.28661165235168157,0.09288453204633629,32.40780034035882,False,100200,26.39839959994424,477
20,11,SINGLE_VARIANCE,comma,off,30,7,0.09209498164766022,0.28661165235168157,0.19451667070402134,67.86767708430195,False,100200,26.6833225999726,477
20,12,SINGLE_VARIANCE,comma,off,30,7,0.09702205345030394,0.28661165235168157,0.1895895989013776,66.14860119809266,False,100200,26.380828300025314,477
20,13,SINGLE_VARIANCE,comma,off,30,7,0.08921737302504133,0.28661165235168157,0.19739427932664022,68.8716867255736,False,100200,27.779661800013855,477
20,14,SINGLE_VARIANCE,comma,off,30,7,0.09118223135287355,0.28661165235168157,0.195429420998808,68.18613946616864,False,100200,27.230889200000092,477
20,15,SINGLE_VARIANCE,comma,off,30,7,0.09012432975947222,0.28661165235168157,0.19648732259220936,68.55524574106052,False,100200,28.123412000015378,477
20,16,SINGLE_VARIANCE,comma,off,30,7,0.10082762665339991,0.28661165235168157,0.18578402569828167,64.82082084726925,False,100200,28.051973700057715,477
20,17,SINGLE_VARIANCE,comma,off,30,7,0.1123538304431978,0.28661165235168157,0.17425782190848377,60.79928030792827,False,100200,28.37809410004411,477
20,18,SINGLE_VARIANCE,comma,off,30,7,0.10534192508528892,0.28661165235168157,0.18126972726639265,63.24576331040754,False,100200,25.46787619998213,477
20,19,SINGLE_VARIANCE,comma,off,30,7,0.09054575200698745,0.28661165235168157,0.19606590034469412,68.40820976256578,False,100200,25.684823699994013,477
20,20,SINGLE_VARIANCE,comma,off,30,7,0.09538261017073144,0.28661165235168157,0.19122904218095013,66.72060979094668,False,100200,28.936996300006285,477
20,21,SINGLE_VARIANCE,comma,off,30,7,0.09273153392451833,0.28661165235168157,0.19388011842716324,67.64558134198472,False,100200,26.962413299945183,477
20,22,SINGLE_VARIANCE,comma,off,30,7,0.08522962735710275,0.28661165235168157,0.2013820249945788,70.26302780861006,False,100200,28.631180300028063,477
20,23,SINGLE_VARIANCE,comma,off,30,7,0.09615415383899022,0.28661165235168157,0.19045749851269134,66.4514149895741,False,100200,27.794988099951297,477
20,24,SINGLE_VARIANCE,comma,off,30,7,0.10924291938923313,0.28661165235168157,0.17736873296244843,61.884690139817266,False,100200,28.920077900053002,477
20,0,SINGLE_VARIANCE,plus,off,30,7,0.13220236902000526,0.28661165235168157,0.1544092833316763,53.87404247689527,False,100200,26.98779799998738,477
20,1,SINGLE_VARIANCE,plus,off,30,7,0.12938531991693555,0.28661165235168157,0.157226332434746,54.856922649405874,False,100200,28.190432799980044,477
20,2,SINGLE_VARIANCE,plus,off,30,7,0.1373134193914913,0.28661165235168157,0.14929823296019026,52.09077570126026,False,100200,27.082186099956743,477
20,3,SINGLE_VARIANCE,plus,off,30,7,0.1369729178604794,0.28661165235168157,0.14963873449120216,52.20957810451847,False,100200,20.84221440006513,477
20,4,SINGLE_VARIANCE,plus,off,30,7,0.12804963602334327,0.28661165235168157,0.1585620163283383,55.3229483265313,False,100200,26.18752289994154,477
20,5,SINGLE_VARIANCE,plus,off,30,7,0.12329565332679641,0.28661165235168157,0.16331599902488514,56.981632702250096,False,100200,26.33007170003839,477
20,6,SINGLE_VARIANCE,plus,off,30,7,0.14147582506136713,0.28661165235168157,0.14513582729031443,50.6384950156277,False,100200,24.72772680001799,477
20,7,SINGLE_VARIANCE,plus,off,30,7,0.1251540770189726,0.28661165235168157,0.16145757533270896,56.333220930806895,False,100200,28.052492600050755,477
20,8,SINGLE_VARIANCE,plus,off,30,7,0.13964760304032361,0.28661165235168157,0.14696404931135795,51.27636929814299,False,100200,29.038321399944834,477
20,9,SINGLE_VARIANCE,plus,off,30,7,0.128436079742467,0.28661165235168157,0.15817557260921455,55.1881165023703,False,100200,27.10707450006157,477
20,10,SINGLE_VARIANCE,plus,off,30,7,0.12921712764672924,0.28661165235168157,0.15739452470495233,54.915605633445864,False,100200,23.58454129996244,477
20,11,SINGLE_VARIANCE,plus,off,30,7,0.12794032986220708,0.28661165235168157,0.1586713224894745,55.36108570170055,False,100200,19.04621329996735,477
20,12,SINGLE_VARIANCE,plus,off,30,7,0.13157348260035576,0.28661165235168157,0.1550381697513258,54.093463569683855,False,100200,25.49314590007998,477
20,13,SINGLE_VARIANCE,plus,off,30,7,0.13985568670276058,0.28661165235168157,0.146755965648921,51.20376804110071,False,100200,25.129517100052908,477
20,14,SINGLE_VARIANCE,plus,off,30,7,0.13423952762430516,0.28661165235168157,0.1523721247273764,53.16326934970913,False,100200,19.234600399970077,477
20,15,SINGLE_VARIANCE,plus,off,30,7,0.13799216779904883,0.28661165235168157,0.14861948455263274,51.85395755308369,False,100200,24.37078029999975,477
20,16,SINGLE_VARIANCE,plus,off,30,7,0.13785450187300324,0.28661165235168157,0.14875715047867832,51.901989768423164,False,100200,23.861165200010873,477
20,17,SINGLE_VARIANCE,plus,off,30,7,0.12560816286599014,0.28661165235168157,0.16100348948569143,56.17478848631564,False,100200,24.675715400022455,477
20,18,SINGLE_VARIANCE,plus,off,30,7,0.1259258984934372,0.28661165235168157,0.16068575385824438,56.06392920169131,False,100200,24.40188139991369,477
20,19,SINGLE_VARIANCE,plus,off,30,7,0.1455353841655132,0.28661165235168157,0.14107626818616836,49.22209792540581,False,100200,23.62243679992389,477
20,20,SINGLE_VARIANCE,plus,off,30,7,0.140225158599757,0.28661165235168157,0.14638649375192456,51.07485775641239,False,100200,22.797489000018686,477
20,21,SINGLE_VARIANCE,plus,off,30,7,0.13329586056468953,0.28661165235168157,0.15331579178699203,53.49251871967463,False,100200,23.913341599982232,477
20,22,SINGLE_VARIANCE,plus,off,30,7,0.13656572415329146,0.28661165235168157,0.1500459281983901,52.35164968599357,False,100200,21.668573599890806,477
20,23,SINGLE_VARIANCE,plus,off,30,7,0.13410379007450207,0.28661165235168157,0.1525078622771795,53.21062874654081,False,100200,20.11072039999999,477
20,24,SINGLE_VARIANCE,plus,off,30,7,0.1293643828834227,0.28661165235168157,0.15724726946825887,54.86422766765655,False,100200,23.11869320005644,477
