treatment,wp,n_circles,seed,strategy,init,selection_scheme,archive_mode,repair,final_best,final_gap,total_evals,total_generations,evals_to_1e-02,evals_to_1e-03,evals_to_1e-05
baseline,STACK,7,0,SINGLE_VARIANCE,lhs,comma,off,random,0.52346189,0.02320682,100200,477,,,
baseline,STACK,7,1,SINGLE_VARIANCE,lhs,comma,off,random,0.52127181,0.02729355,100200,477,,,
baseline,STACK,7,2,SINGLE_VARIANCE,lhs,comma,off,random,0.50248114,0.06235742,100200,477,,,
baseline,STACK,7,3,SINGLE_VARIANCE,lhs,comma,off,random,0.51468215,0.03959004,100200,477,,,
baseline,STACK,7,4,SINGLE_VARIANCE,lhs,comma,off,random,0.51915596,0.03124178,100200,477,,,
baseline,STACK,7,5,SINGLE_VARIANCE,lhs,comma,off,random,0.50698872,0.05394616,100200,477,,,
baseline,STACK,7,6,SINGLE_VARIANCE,lhs,comma,off,random,0.5172864,0.03473044,100200,477,,,
baseline,STACK,7,7,SINGLE_VARIANCE,lhs,comma,off,random,0.50380164,0.05989335,100200,477,,,
baseline,STACK,7,8,SINGLE_VARIANCE,lhs,comma,off,random,0.49045181,0.08480446,100200,477,,,
baseline,STACK,7,9,SINGLE_VARIANCE,lhs,comma,off,random,0.52402095,0.0221636,100200,477,,,
baseline,STACK,7,10,SINGLE_VARIANCE,lhs,comma,off,random,0.51180242,0.04496369,100200,477,,,
baseline,STACK,7,11,SINGLE_VARIANCE,lhs,comma,off,random,0.50043833,0.06616937,100200,477,,,
baseline,STACK,7,12,SINGLE_VARIANCE,lhs,comma,off,random,0.50639543,0.05505326,100200,477,,,
baseline,STACK,7,13,SINGLE_VARIANCE,lhs,comma,off,random,0.50790963,0.05222772,100200,477,,,
baseline,STACK,7,14,SINGLE_VARIANCE,lhs,comma,off,random,0.50833338,0.051437,100200,477,,,
baseline,STACK,7,15,SINGLE_VARIANCE,lhs,comma,off,random,0.50296748,0.0614499,100200,477,,,
baseline,STACK,7,16,SINGLE_VARIANCE,lhs,comma,off,random,0.50110747,0.06492072,100200,477,,,
baseline,STACK,7,17,SINGLE_VARIANCE,lhs,comma,off,random,0.52070558,0.02835016,100200,477,,,
baseline,STACK,7,18,SINGLE_VARIANCE,lhs,comma,off,random,0.52112662,0.02756448,100200,477,,,
baseline,STACK,7,19,SINGLE_VARIANCE,lhs,comma,off,random,0.50311767,0.06116965,100200,477,,,
baseline,STACK,7,20,SINGLE_VARIANCE,lhs,comma,off,random,0.5097985,0.04870305,100200,477,,,
baseline,STACK,7,21,SINGLE_VARIANCE,lhs,comma,off,random,0.50723671,0.05348341,100200,477,,,
baseline,STACK,7,22,SINGLE_VARIANCE,lhs,comma,off,random,0.51487983,0.03922115,100200,477,,,
baseline,STACK,7,23,SINGLE_VARIANCE,lhs,comma,off,random,0.50765901,0.0526954,100200,477,,,
baseline,STACK,7,24,SINGLE_VARIANCE,lhs,comma,off,random,0.49623347,0.07401575,100200,477,,,
baseline,STACK,10,0,SINGLE_VARIANCE,lhs,comma,off,random,0.19307309,0.54169841,100200,477,,,
baseline,STACK,10,1,SINGLE_VARIANCE,lhs,comma,off,random,0.34636016,0.17783769,100200,477,,,
baseline,STACK,10,2,SINGLE_VARIANCE,lhs,comma,off,random,0.37669875,0.10582236,100200,477,,,
baseline,STACK,10,3,SINGLE_VARIANCE,lhs,comma,off,random,0.38682456,0.08178651,100200,477,,,
baseline,STACK,10,4,SINGLE_VARIANCE,lhs,comma,off,random,0.35976971,0.14600717,100200,477,,,
baseline,STACK,10,5,SINGLE_VARIANCE,lhs,comma,off,random,0.34385817,0.18377673,100200,477,,,
baseline,STACK,10,6,SINGLE_VARIANCE,lhs,comma,off,random,0.35379266,0.16019503,100200,477,,,
baseline,STACK,10,7,SINGLE_VARIANCE,lhs,comma,off,random,0.37071109,0.12003539,100200,477,,,
baseline,STACK,10,8,SINGLE_VARIANCE,lhs,comma,off,random,0.34225169,0.18759006,100200,477,,,
baseline,STACK,10,9,SINGLE_VARIANCE,lhs,comma,off,random,0.38109084,0.09539677,100200,477,,,
baseline,STACK,10,10,SINGLE_VARIANCE,lhs,comma,off,random,0.36493101,0.13375569,100200,477,,,
baseline,STACK,10,11,SINGLE_VARIANCE,lhs,comma,off,random,0.38582101,0.08416867,100200,477,,,
baseline,STACK,10,12,SINGLE_VARIANCE,lhs,comma,off,random,0.37052891,0.12046783,100200,477,,,
baseline,STACK,10,13,SINGLE_VARIANCE,lhs,comma,off,random,0.38206742,0.09307864,100200,477,,,
baseline,STACK,10,14,SINGLE_VARIANCE,lhs,comma,off,random,0.36186588,0.14103145,100200,477,,,
baseline,STACK,10,15,SINGLE_VARIANCE,lhs,comma,off,random,0.18668308,0.5568665,100200,477,,,
baseline,STACK,10,16,SINGLE_VARIANCE,lhs,comma,off,random,0.37838561,0.10181822,100200,477,,,
baseline,STACK,10,17,SINGLE_VARIANCE,lhs,comma,off,random,0.19374446,0.54010476,100200,477,,,
baseline,STACK,10,18,SINGLE_VARIANCE,lhs,comma,off,random,0.36521931,0.13307135,100200,477,,,
baseline,STACK,10,19,SINGLE_VARIANCE,lhs,comma,off,random,0.38951111,0.0754094,100200,477,,,
baseline,STACK,10,20,SINGLE_VARIANCE,lhs,comma,off,random,0.36333899,0.1375347,100200,477,,,
baseline,STACK,10,21,SINGLE_VARIANCE,lhs,comma,off,random,0.3838345,0.08888408,100200,477,,,
baseline,STACK,10,22,SINGLE_VARIANCE,lhs,comma,off,random,0.36493563,0.13374472,100200,477,,,
baseline,STACK,10,23,SINGLE_VARIANCE,lhs,comma,off,random,0.36080724,0.14354436,100200,477,,,
baseline,STACK,10,24,SINGLE_VARIANCE,lhs,comma,off,random,0.33896358,0.19539511,100200,477,,,
baseline,STACK,15,0,SINGLE_VARIANCE,lhs,comma,off,random,0.15763232,0.53784542,100200,477,,,
baseline,STACK,15,1,SINGLE_VARIANCE,lhs,comma,off,random,0.13423631,0.60643905,100200,477,,,
baseline,STACK,15,2,SINGLE_VARIANCE,lhs,comma,off,random,0.12445872,0.6351055,100200,477,,,
baseline,STACK,15,3,SINGLE_VARIANCE,lhs,comma,off,random,0.26960898,0.20954648,100200,477,,,
baseline,STACK,15,4,SINGLE_VARIANCE,lhs,comma,off,random,0.13360642,0.6082858,100200,477,,,
baseline,STACK,15,5,SINGLE_VARIANCE,lhs,comma,off,random,0.22595246,0.3375409,100200,477,,,
baseline,STACK,15,6,SINGLE_VARIANCE,lhs,comma,off,random,0.26888497,0.21166915,100200,477,,,
baseline,STACK,15,7,SINGLE_VARIANCE,lhs,comma,off,random,0.1099413,0.67766843,100200,477,,,
baseline,STACK,15,8,SINGLE_VARIANCE,lhs,comma,off,random,0.25664397,0.24755796,100200,477,,,
baseline,STACK,15,9,SINGLE_VARIANCE,lhs,comma,off,random,0.13393853,0.60731211,100200,477,,,
baseline,STACK,15,10,SINGLE_VARIANCE,lhs,comma,off,random,0.12214837,0.64187911,100200,477,,,
baseline,STACK,15,11,SINGLE_VARIANCE,lhs,comma,off,random,0.26182743,0.23236082,100200,477,,,
baseline,STACK,15,12,SINGLE_VARIANCE,lhs,comma,off,random,0.1226486,0.6404125,100200,477,,,
baseline,STACK,15,13,SINGLE_VARIANCE,lhs,comma,off,random,0.13924099,0.59176606,100200,477,,,
baseline,STACK,15,14,SINGLE_VARIANCE,lhs,comma,off,random,0.13008253,0.61861733,100200,477,,,
baseline,STACK,15,15,SINGLE_VARIANCE,lhs,comma,off,random,0.12917571,0.62127598,100200,477,,,
baseline,STACK,15,16,SINGLE_VARIANCE,lhs,comma,off,random,0.25319488,0.25767018,100200,477,,,
baseline,STACK,15,17,SINGLE_VARIANCE,lhs,comma,off,random,0.28732792,0.15759717,100200,477,,,
baseline,STACK,15,18,SINGLE_VARIANCE,lhs,comma,off,random,0.12020796,0.6475681,100200,477,,,
baseline,STACK,15,19,SINGLE_VARIANCE,lhs,comma,off,random,0.12445126,0.63512738,100200,477,,,
baseline,STACK,15,20,SINGLE_VARIANCE,lhs,comma,off,random,0.1200628,0.64799367,100200,477,,,
baseline,STACK,15,21,SINGLE_VARIANCE,lhs,comma,off,random,0.12706146,0.62747466,100200,477,,,
baseline,STACK,15,22,SINGLE_VARIANCE,lhs,comma,off,random,0.11836371,0.65297517,100200,477,,,
baseline,STACK,15,23,SINGLE_VARIANCE,lhs,comma,off,random,0.10880545,0.68099856,100200,477,,,
baseline,STACK,15,24,SINGLE_VARIANCE,lhs,comma,off,random,0.11681662,0.657511,100200,477,,,
baseline,STACK,20,0,SINGLE_VARIANCE,lhs,comma,off,random,0.10832512,0.62204916,100200,477,,,
baseline,STACK,20,1,SINGLE_VARIANCE,lhs,comma,off,random,0.09052691,0.68414785,100200,477,,,
baseline,STACK,20,2,SINGLE_VARIANCE,lhs,comma,off,random,0.10270822,0.64164673,100200,477,,,
baseline,STACK,20,3,SINGLE_VARIANCE,lhs,comma,off,random,0.09554944,0.66662401,100200,477,,,
baseline,STACK,20,4,SINGLE_VARIANCE,lhs,comma,off,random,0.10161189,0.64547187,100200,477,,,
baseline,STACK,20,5,SINGLE_VARIANCE,lhs,comma,off,random,0.09723169,0.66075459,100200,477,,,
baseline,STACK,20,6,SINGLE_VARIANCE,lhs,comma,off,random,0.09178534,0.67975713,100200,477,,,
baseline,STACK,20,7,SINGLE_VARIANCE,lhs,comma,off,random,0.14899417,0.48015314,100200,477,,,
baseline,STACK,20,8,SINGLE_VARIANCE,lhs,comma,off,random,0.1056125,0.63151358,100200,477,,,
baseline,STACK,20,9,SINGLE_VARIANCE,lhs,comma,off,random,0.1183782,0.58697352,100200,477,,,
baseline,STACK,20,10,SINGLE_VARIANCE,lhs,comma,off,random,0.1081551,0.62264233,100200,477,,,
baseline,STACK,20,11,SINGLE_VARIANCE,lhs,comma,off,random,0.10468306,0.63475644,100200,477,,,
baseline,STACK,20,12,SINGLE_VARIANCE,lhs,comma,off,random,0.21254019,0.25843843,100200,477,,,
baseline,STACK,20,13,SINGLE_VARIANCE,lhs,comma,off,random,0.09527143,0.667594,100200,477,,,
baseline,STACK,20,14,SINGLE_VARIANCE,lhs,comma,off,random,0.10262361,0.64194195,100200,477,,,
baseline,STACK,20,15,SINGLE_VARIANCE,lhs,comma,off,random,0.0911133,0.68210192,100200,477,,,
baseline,STACK,20,16,SINGLE_VARIANCE,lhs,comma,off,random,0.0892808,0.68849557,100200,477,,,
baseline,STACK,20,17,SINGLE_VARIANCE,lhs,comma,off,random,0.10828504,0.62218899,100200,477,,,
baseline,STACK,20,18,SINGLE_VARIANCE,lhs,comma,off,random,0.1207543,0.57868323,100200,477,,,
baseline,STACK,20,19,SINGLE_VARIANCE,lhs,comma,off,random,0.08276896,0.71121566,100200,477,,,
baseline,STACK,20,20,SINGLE_VARIANCE,lhs,comma,off,random,0.08737508,0.69514469,100200,477,,,
baseline,STACK,20,21,SINGLE_VARIANCE,lhs,comma,off,random,0.10446979,0.63550053,100200,477,,,
baseline,STACK,20,22,SINGLE_VARIANCE,lhs,comma,off,random,0.09805365,0.65788674,100200,477,,,
baseline,STACK,20,23,SINGLE_VARIANCE,lhs,comma,off,random,0.2021395,0.29472685,100200,477,,,
baseline,STACK,20,24,SINGLE_VARIANCE,lhs,comma,off,random,0.1057729,0.63095396,100200,477,,,
+clip,STACK,7,0,SINGLE_VARIANCE,lhs,comma,off,clip,0.51715452,0.03497652,100200,477,,,
+clip,STACK,7,1,SINGLE_VARIANCE,lhs,comma,off,clip,0.53097347,0.00919002,100200,477,9900,,
+clip,STACK,7,2,SINGLE_VARIANCE,lhs,comma,off,clip,0.53535012,0.00102307,100200,477,6330,11370,
+clip,STACK,7,3,SINGLE_VARIANCE,lhs,comma,off,clip,0.51728268,0.03473738,100200,477,,,
+clip,STACK,7,4,SINGLE_VARIANCE,lhs,comma,off,clip,0.51933841,0.03090134,100200,477,,,
+clip,STACK,7,5,SINGLE_VARIANCE,lhs,comma,off,clip,0.52616394,0.01816471,100200,477,15570,,
+clip,STACK,7,6,SINGLE_VARIANCE,lhs,comma,off,clip,0.53368427,0.00413159,100200,477,8010,,
+clip,STACK,7,7,SINGLE_VARIANCE,lhs,comma,off,clip,0.511844,0.04488609,100200,477,,,
+clip,STACK,7,8,SINGLE_VARIANCE,lhs,comma,off,clip,0.50017466,0.06666138,100200,477,,,
+clip,STACK,7,9,SINGLE_VARIANCE,lhs,comma,off,clip,0.5084562,0.05120782,100200,477,,,
+clip,STACK,7,10,SINGLE_VARIANCE,lhs,comma,off,clip,0.52321637,0.02366497,100200,477,,,
+clip,STACK,7,11,SINGLE_VARIANCE,lhs,comma,off,clip,0.50212129,0.06302891,100200,477,,,
+clip,STACK,7,12,SINGLE_VARIANCE,lhs,comma,off,clip,0.52264723,0.024727,100200,477,,,
+clip,STACK,7,13,SINGLE_VARIANCE,lhs,comma,off,clip,0.52995233,0.01109548,100200,477,21030,,
+clip,STACK,7,14,SINGLE_VARIANCE,lhs,comma,off,clip,0.50141097,0.0643544,100200,477,,,
+clip,STACK,7,15,SINGLE_VARIANCE,lhs,comma,off,clip,0.51416688,0.04055154,100200,477,,,
+clip,STACK,7,16,SINGLE_VARIANCE,lhs,comma,off,clip,0.52239344,0.02520057,100200,477,,,
+clip,STACK,7,17,SINGLE_VARIANCE,lhs,comma,off,clip,0.51505693,0.03889069,100200,477,,,
+clip,STACK,7,18,SINGLE_VARIANCE,lhs,comma,off,clip,0.52055329,0.02863435,100200,477,,,
+clip,STACK,7,19,SINGLE_VARIANCE,lhs,comma,off,clip,0.52749845,0.01567448,100200,477,12000,,
+clip,STACK,7,20,SINGLE_VARIANCE,lhs,comma,off,clip,0.52585342,0.01874416,100200,477,,,
+clip,STACK,7,21,SINGLE_VARIANCE,lhs,comma,off,clip,0.52827974,0.01421659,100200,477,11790,,
+clip,STACK,7,22,SINGLE_VARIANCE,lhs,comma,off,clip,0.52258781,0.02483786,100200,477,,,
+clip,STACK,7,23,SINGLE_VARIANCE,lhs,comma,off,clip,0.51377134,0.04128963,100200,477,,,
+clip,STACK,7,24,SINGLE_VARIANCE,lhs,comma,off,clip,0.51277293,0.04315269,100200,477,,,
+clip,STACK,10,0,SINGLE_VARIANCE,lhs,comma,off,clip,0.3813874,0.0946928,100200,477,,,
+clip,STACK,10,1,SINGLE_VARIANCE,lhs,comma,off,clip,0.40163115,0.04663979,100200,477,,,
+clip,STACK,10,2,SINGLE_VARIANCE,lhs,comma,off,clip,0.3972036,0.05714957,100200,477,,,
+clip,STACK,10,3,SINGLE_VARIANCE,lhs,comma,off,clip,0.39484372,0.06275127,100200,477,,,
+clip,STACK,10,4,SINGLE_VARIANCE,lhs,comma,off,clip,0.40571823,0.03693821,100200,477,,,
+clip,STACK,10,5,SINGLE_VARIANCE,lhs,comma,off,clip,0.39958074,0.05150691,100200,477,,,
+clip,STACK,10,6,SINGLE_VARIANCE,lhs,comma,off,clip,0.38846162,0.0779006,100200,477,,,
+clip,STACK,10,7,SINGLE_VARIANCE,lhs,comma,off,clip,0.40665755,0.03470854,100200,477,,,
+clip,STACK,10,8,SINGLE_VARIANCE,lhs,comma,off,clip,0.41457591,0.01591256,100200,477,15360,,
+clip,STACK,10,9,SINGLE_VARIANCE,lhs,comma,off,clip,0.39529953,0.06166929,100200,477,,,
+clip,STACK,10,10,SINGLE_VARIANCE,lhs,comma,off,clip,0.33536731,0.20393166,100200,477,,,
+clip,STACK,10,11,SINGLE_VARIANCE,lhs,comma,off,clip,0.36206057,0.14056931,100200,477,,,
+clip,STACK,10,12,SINGLE_VARIANCE,lhs,comma,off,clip,0.39674183,0.05824569,100200,477,,,
+clip,STACK,10,13,SINGLE_VARIANCE,lhs,comma,off,clip,0.40471816,0.0393121,100200,477,,,
+clip,STACK,10,14,SINGLE_VARIANCE,lhs,comma,off,clip,0.39149006,0.07071191,100200,477,,,
+clip,STACK,10,15,SINGLE_VARIANCE,lhs,comma,off,clip,0.35851324,0.14898967,100200,477,,,
+clip,STACK,10,16,SINGLE_VARIANCE,lhs,comma,off,clip,0.39239981,0.06855243,100200,477,,,
+clip,STACK,10,17,SINGLE_VARIANCE,lhs,comma,off,clip,0.38652917,0.08248768,100200,477,,,
+clip,STACK,10,18,SINGLE_VARIANCE,lhs,comma,off,clip,0.38834464,0.07817827,100200,477,,,
+clip,STACK,10,19,SINGLE_VARIANCE,lhs,comma,off,clip,0.38989436,0.07449967,100200,477,,,
+clip,STACK,10,20,SINGLE_VARIANCE,lhs,comma,off,clip,0.35171965,0.16511575,100200,477,,,
+clip,STACK,10,21,SINGLE_VARIANCE,lhs,comma,off,clip,0.41573839,0.01315316,100200,477,12840,,
+clip,STACK,10,22,SINGLE_VARIANCE,lhs,comma,off,clip,0.40968055,0.02753277,100200,477,,,
+clip,STACK,10,23,SINGLE_VARIANCE,lhs,comma,off,clip,0.41147374,0.02327625,100200,477,21030,,
+clip,STACK,10,24,SINGLE_VARIANCE,lhs,comma,off,clip,0.38412444,0.08819583,100200,477,,,
+clip,STACK,15,0,SINGLE_VARIANCE,lhs,comma,off,clip,0.3216035,0.05710623,100200,477,,,
+clip,STACK,15,1,SINGLE_VARIANCE,lhs,comma,off,clip,0.28691701,0.15880189,100200,477,,,
+clip,STACK,15,2,SINGLE_VARIANCE,lhs,comma,off,clip,0.2971795,0.12871378,100200,477,,,
+clip,STACK,15,3,SINGLE_VARIANCE,lhs,comma,off,clip,0.2883218,0.15468327,100200,477,,,
+clip,STACK,15,4,SINGLE_VARIANCE,lhs,comma,off,clip,0.29073425,0.14761031,100200,477,,,
+clip,STACK,15,5,SINGLE_VARIANCE,lhs,comma,off,clip,0.29559128,0.13337023,100200,477,,,
+clip,STACK,15,6,SINGLE_VARIANCE,lhs,comma,off,clip,0.29189955,0.14419382,100200,477,,,
+clip,STACK,15,7,SINGLE_VARIANCE,lhs,comma,off,clip,0.28909105,0.15242793,100200,477,,,
+clip,STACK,15,8,SINGLE_VARIANCE,lhs,comma,off,clip,0.26093001,0.23499193,100200,477,,,
+clip,STACK,15,9,SINGLE_VARIANCE,lhs,comma,off,clip,0.26475437,0.22377946,100200,477,,,
+clip,STACK,15,10,SINGLE_VARIANCE,lhs,comma,off,clip,0.30356127,0.11000339,100200,477,,,
+clip,STACK,15,11,SINGLE_VARIANCE,lhs,comma,off,clip,0.30580262,0.10343208,100200,477,,,
+clip,STACK,15,12,SINGLE_VARIANCE,lhs,comma,off,clip,0.31395282,0.0795369,100200,477,,,
+clip,STACK,15,13,SINGLE_VARIANCE,lhs,comma,off,clip,0.30870372,0.09492649,100200,477,,,
+clip,STACK,15,14,SINGLE_VARIANCE,lhs,comma,off,clip,0.28808853,0.15536716,100200,477,,,
+clip,STACK,15,15,SINGLE_VARIANCE,lhs,comma,off,clip,0.27868937,0.1829241,100200,477,,,
+clip,STACK,15,16,SINGLE_VARIANCE,lhs,comma,off,clip,0.2909137,0.14708418,100200,477,,,
+clip,STACK,15,17,SINGLE_VARIANCE,lhs,comma,off,clip,0.28066975,0.17711792,100200,477,,,
+clip,STACK,15,18,SINGLE_VARIANCE,lhs,comma,off,clip,0.30174978,0.11531442,100200,477,,,
+clip,STACK,15,19,SINGLE_VARIANCE,lhs,comma,off,clip,0.26572143,0.22094419,100200,477,,,
+clip,STACK,15,20,SINGLE_VARIANCE,lhs,comma,off,clip,0.2847611,0.16512269,100200,477,,,
+clip,STACK,15,21,SINGLE_VARIANCE,lhs,comma,off,clip,0.28410701,0.16704039,100200,477,,,
+clip,STACK,15,22,SINGLE_VARIANCE,lhs,comma,off,clip,0.29960772,0.1215946,100200,477,,,
+clip,STACK,15,23,SINGLE_VARIANCE,lhs,comma,off,clip,0.28808367,0.15538142,100200,477,,,
+clip,STACK,15,24,SINGLE_VARIANCE,lhs,comma,off,clip,0.30943584,0.09278002,100200,477,,,
+clip,STACK,20,0,SINGLE_VARIANCE,lhs,comma,off,clip,0.23656593,0.1746116,100200,477,,,
+clip,STACK,20,1,SINGLE_VARIANCE,lhs,comma,off,clip,0.23579099,0.17731542,100200,477,,,
+clip,STACK,20,2,SINGLE_VARIANCE,lhs,comma,off,clip,0.2238441,0.21899861,100200,477,,,
+clip,STACK,20,3,SINGLE_VARIANCE,lhs,comma,off,clip,0.23696125,0.17323231,100200,477,,,
+clip,STACK,20,4,SINGLE_VARIANCE,lhs,comma,off,clip,0.24288318,0.15257045,100200,477,,,
+clip,STACK,20,5,SINGLE_VARIANCE,lhs,comma,off,clip,0.24913986,0.13074063,100200,477,,,
+clip,STACK,20,6,SINGLE_VARIANCE,lhs,comma,off,clip,0.22777639,0.2052787,100200,477,,,
+clip,STACK,20,7,SINGLE_VARIANCE,lhs,comma,off,clip,0.25527092,0.10934914,100200,477,,,
+clip,STACK,20,8,SINGLE_VARIANCE,lhs,comma,off,clip,0.22372198,0.21942469,100200,477,,,
+clip,STACK,20,9,SINGLE_VARIANCE,lhs,comma,off,clip,0.22878999,0.2017422,100200,477,,,
+clip,STACK,20,10,SINGLE_VARIANCE,lhs,comma,off,clip,0.22800163,0.2044928,100200,477,,,
+clip,STACK,20,11,SINGLE_VARIANCE,lhs,comma,off,clip,0.22869749,0.20206493,100200,477,,,
+clip,STACK,20,12,SINGLE_VARIANCE,lhs,comma,off,clip,0.25282453,0.11788468,100200,477,,,
+clip,STACK,20,13,SINGLE_VARIANCE,lhs,comma,off,clip,0.22533452,0.21379845,100200,477,,,
+clip,STACK,20,14,SINGLE_VARIANCE,lhs,comma,off,clip,0.22399551,0.21847032,100200,477,,,
+clip,STACK,20,15,SINGLE_VARIANCE,lhs,comma,off,clip,0.23632768,0.17544287,100200,477,,,
+clip,STACK,20,16,SINGLE_VARIANCE,lhs,comma,off,clip,0.23358692,0.18500551,100200,477,,,
+clip,STACK,20,17,SINGLE_VARIANCE,lhs,comma,off,clip,0.23449553,0.18183531,100200,477,,,
+clip,STACK,20,18,SINGLE_VARIANCE,lhs,comma,off,clip,0.23709784,0.17275576,100200,477,,,
+clip,STACK,20,19,SINGLE_VARIANCE,lhs,comma,off,clip,0.21620967,0.24563544,100200,477,,,
+clip,STACK,20,20,SINGLE_VARIANCE,lhs,comma,off,clip,0.24797583,0.134802,100200,477,,,
+clip,STACK,20,21,SINGLE_VARIANCE,lhs,comma,off,clip,0.24335816,0.15091324,100200,477,,,
+clip,STACK,20,22,SINGLE_VARIANCE,lhs,comma,off,clip,0.24691135,0.13851602,100200,477,,,
+clip,STACK,20,23,SINGLE_VARIANCE,lhs,comma,off,clip,0.24469691,0.1462423,100200,477,,,
+clip,STACK,20,24,SINGLE_VARIANCE,lhs,comma,off,clip,0.24447268,0.14702462,100200,477,,,
+clip+polish,STACK,7,0,SINGLE_VARIANCE,lhs,comma,off,clip,0.52293036,0.02419867,100170,366,,,
+clip+polish,STACK,7,1,SINGLE_VARIANCE,lhs,comma,off,clip,0.52736625,0.01592117,100095,338,21705,,
+clip+polish,STACK,7,2,SINGLE_VARIANCE,lhs,comma,off,clip,0.53471944,0.00219994,100125,362,12180,,
+clip+polish,STACK,7,3,SINGLE_VARIANCE,lhs,comma,off,clip,0.50128693,0.06458585,100035,391,,,
+clip+polish,STACK,7,4,SINGLE_VARIANCE,lhs,comma,off,clip,0.50798466,0.05208771,100185,383,,,
+clip+polish,STACK,7,5,SINGLE_VARIANCE,lhs,comma,off,clip,0.51284117,0.04302536,99855,370,,,
+clip+polish,STACK,7,6,SINGLE_VARIANCE,lhs,comma,off,clip,0.52292233,0.02421365,99885,370,,,
+clip+polish,STACK,7,7,SINGLE_VARIANCE,lhs,comma,off,clip,0.50630152,0.05522851,100095,362,,,
+clip+polish,STACK,7,8,SINGLE_VARIANCE,lhs,comma,off,clip,0.50336542,0.06070734,100170,379,,,
+clip+polish,STACK,7,9,SINGLE_VARIANCE,lhs,comma,off,clip,0.52379536,0.02258455,99900,360,,,
+clip+polish,STACK,7,10,SINGLE_VARIANCE,lhs,comma,off,clip,0.52394693,0.02230171,99825,380,,,
+clip+polish,STACK,7,11,SINGLE_VARIANCE,lhs,comma,off,clip,0.51220215,0.04421778,100200,379,,,
+clip+polish,STACK,7,12,SINGLE_VARIANCE,lhs,comma,off,clip,0.51019499,0.04796318,100065,349,,,
+clip+polish,STACK,7,13,SINGLE_VARIANCE,lhs,comma,off,clip,0.53586755,5.754e-05,100125,351,15840,25305,
+clip+polish,STACK,7,14,SINGLE_VARIANCE,lhs,comma,off,clip,0.51763303,0.03408361,100110,359,,,
+clip+polish,STACK,7,15,SINGLE_VARIANCE,lhs,comma,off,clip,0.51421517,0.04046143,100065,369,,,
+clip+polish,STACK,7,16,SINGLE_VARIANCE,lhs,comma,off,clip,0.52114733,0.02752584,100170,366,,,
+clip+polish,STACK,7,17,SINGLE_VARIANCE,lhs,comma,off,clip,0.51218844,0.04424336,100185,356,,,
+clip+polish,STACK,7,18,SINGLE_VARIANCE,lhs,comma,off,clip,0.52241212,0.02516572,100170,382,,,
+clip+polish,STACK,7,19,SINGLE_VARIANCE,lhs,comma,off,clip,0.53576426,0.00025027,100200,369,12390,24720,
+clip+polish,STACK,7,20,SINGLE_VARIANCE,lhs,comma,off,clip,0.53571541,0.00034144,100155,359,11970,24840,
+clip+polish,STACK,7,21,SINGLE_VARIANCE,lhs,comma,off,clip,0.51331543,0.04214038,100155,336,,,
+clip+polish,STACK,7,22,SINGLE_VARIANCE,lhs,comma,off,clip,0.53545928,0.00081937,100005,367,11730,22935,
+clip+polish,STACK,7,23,SINGLE_VARIANCE,lhs,comma,off,clip,0.52028373,0.02913734,100080,356,,,
+clip+polish,STACK,7,24,SINGLE_VARIANCE,lhs,comma,off,clip,0.5168995,0.0354524,100035,373,,,
+clip+polish,STACK,10,0,SINGLE_VARIANCE,lhs,comma,off,clip,0.39419893,0.06428181,100200,329,,,
+clip+polish,STACK,10,1,SINGLE_VARIANCE,lhs,comma,off,clip,0.40023196,0.04996108,100095,302,,,
+clip+polish,STACK,10,2,SINGLE_VARIANCE,lhs,comma,off,clip,0.39492827,0.06255057,99402,300,,,
+clip+polish,STACK,10,3,SINGLE_VARIANCE,lhs,comma,off,clip,0.40406155,0.04087071,100032,291,,,
+clip+polish,STACK,10,4,SINGLE_VARIANCE,lhs,comma,off,clip,0.41018211,0.02634221,100074,348,,,
+clip+polish,STACK,10,5,SINGLE_VARIANCE,lhs,comma,off,clip,0.34184912,0.18854565,100137,352,,,
+clip+polish,STACK,10,6,SINGLE_VARIANCE,lhs,comma,off,clip,0.40028137,0.04984381,100074,288,,,
+clip+polish,STACK,10,7,SINGLE_VARIANCE,lhs,comma,off,clip,0.39659968,0.0585831,100116,316,,,
+clip+polish,STACK,10,8,SINGLE_VARIANCE,lhs,comma,off,clip,0.39587817,0.06029576,100032,323,,,
+clip+polish,STACK,10,9,SINGLE_VARIANCE,lhs,comma,off,clip,0.3912369,0.07131284,100158,313,,,
+clip+polish,STACK,10,10,SINGLE_VARIANCE,lhs,comma,off,clip,0.41008671,0.02656866,100137,296,,,
+clip+polish,STACK,10,11,SINGLE_VARIANCE,lhs,comma,off,clip,0.38538378,0.08520652,100053,326,,,
+clip+polish,STACK,10,12,SINGLE_VARIANCE,lhs,comma,off,clip,0.38482667,0.08652894,100032,314,,,
+clip+polish,STACK,10,13,SINGLE_VARIANCE,lhs,comma,off,clip,0.38848629,0.07784203,100200,309,,,
+clip+polish,STACK,10,14,SINGLE_VARIANCE,lhs,comma,off,clip,0.41781601,0.00822147,100053,315,21387,,
+clip+polish,STACK,10,15,SINGLE_VARIANCE,lhs,comma,off,clip,0.40861526,0.03006146,100095,302,,,
+clip+polish,STACK,10,16,SINGLE_VARIANCE,lhs,comma,off,clip,0.39316657,0.06673236,100200,325,,,
+clip+polish,STACK,10,17,SINGLE_VARIANCE,lhs,comma,off,clip,0.3987387,0.05350567,100095,312,,,
+clip+polish,STACK,10,18,SINGLE_VARIANCE,lhs,comma,off,clip,0.39896099,0.05297801,99822,310,,,
+clip+polish,STACK,10,19,SINGLE_VARIANCE,lhs,comma,off,clip,0.38927009,0.07598151,100200,307,,,
+clip+polish,STACK,10,20,SINGLE_VARIANCE,lhs,comma,off,clip,0.41396438,0.01736416,99822,310,28632,,
+clip+polish,STACK,10,21,SINGLE_VARIANCE,lhs,comma,off,clip,0.39850597,0.0540581,100158,320,,,
+clip+polish,STACK,10,22,SINGLE_VARIANCE,lhs,comma,off,clip,0.39486741,0.06269504,100179,274,,,
+clip+polish,STACK,10,23,SINGLE_VARIANCE,lhs,comma,off,clip,0.40713179,0.03358282,100158,311,,,
+clip+polish,STACK,10,24,SINGLE_VARIANCE,lhs,comma,off,clip,0.40706355,0.0337448,100158,320,,,
+clip+polish,STACK,15,0,SINGLE_VARIANCE,lhs,comma,off,clip,0.28366223,0.16834441,97862,160,,,
+clip+polish,STACK,15,1,SINGLE_VARIANCE,lhs,comma,off,clip,0.27072006,0.20628894,99333,220,,,
+clip+polish,STACK,15,2,SINGLE_VARIANCE,lhs,comma,off,clip,0.3017237,0.11539087,98977,200,,,
+clip+polish,STACK,15,3,SINGLE_VARIANCE,lhs,comma,off,clip,0.30761227,0.09812645,98218,180,,,
+clip+polish,STACK,15,4,SINGLE_VARIANCE,lhs,comma,off,clip,0.32206847,0.05574302,100059,165,,,
+clip+polish,STACK,15,5,SINGLE_VARIANCE,lhs,comma,off,clip,0.295665,0.13315407,100142,193,,,
+clip+polish,STACK,15,6,SINGLE_VARIANCE,lhs,comma,off,clip,0.29719362,0.1286724,99628,200,,,
+clip+polish,STACK,15,7,SINGLE_VARIANCE,lhs,comma,off,clip,0.2902321,0.14908253,99125,170,,,
+clip+polish,STACK,15,8,SINGLE_VARIANCE,lhs,comma,off,clip,0.30486764,0.10617332,100099,177,,,
+clip+polish,STACK,15,9,SINGLE_VARIANCE,lhs,comma,off,clip,0.31119864,0.08761174,99272,180,,,
+clip+polish,STACK,15,10,SINGLE_VARIANCE,lhs,comma,off,clip,0.28948866,0.1512622,99868,210,,,
+clip+polish,STACK,15,11,SINGLE_VARIANCE,lhs,comma,off,clip,0.29968219,0.12137628,98945,240,,,
+clip+polish,STACK,15,12,SINGLE_VARIANCE,lhs,comma,off,clip,0.28832085,0.15468605,100105,185,,,
+clip+polish,STACK,15,13,SINGLE_VARIANCE,lhs,comma,off,clip,0.30623673,0.10215933,99435,170,,,
+clip+polish,STACK,15,14,SINGLE_VARIANCE,lhs,comma,off,clip,0.27809477,0.1846674,100189,204,,,
+clip+polish,STACK,15,15,SINGLE_VARIANCE,lhs,comma,off,clip,0.28412054,0.16700074,100014,198,,,
+clip+polish,STACK,15,16,SINGLE_VARIANCE,lhs,comma,off,clip,0.30742141,0.09868602,100019,215,,,
+clip+polish,STACK,15,17,SINGLE_VARIANCE,lhs,comma,off,clip,0.2973559,0.12819661,98226,170,,,
+clip+polish,STACK,15,18,SINGLE_VARIANCE,lhs,comma,off,clip,0.26861198,0.21246953,100046,189,,,
+clip+polish,STACK,15,19,SINGLE_VARIANCE,lhs,comma,off,clip,0.2995675,0.12171252,99410,240,,,
+clip+polish,STACK,15,20,SINGLE_VARIANCE,lhs,comma,off,clip,0.29342899,0.13970973,100015,189,,,
+clip+polish,STACK,15,21,SINGLE_VARIANCE,lhs,comma,off,clip,0.30384811,0.10916241,99141,150,,,
+clip+polish,STACK,15,22,SINGLE_VARIANCE,lhs,comma,off,clip,0.2974498,0.12792131,100190,195,,,
+clip+polish,STACK,15,23,SINGLE_VARIANCE,lhs,comma,off,clip,0.3032926,0.11079109,99651,210,,,
+clip+polish,STACK,15,24,SINGLE_VARIANCE,lhs,comma,off,clip,0.306662,0.10091251,99202,190,,,
+clip+polish,STACK,20,0,SINGLE_VARIANCE,lhs,comma,off,clip,0.21419418,0.25266758,99440,120,,,
+clip+polish,STACK,20,1,SINGLE_VARIANCE,lhs,comma,off,clip,0.2392426,0.1652726,99371,180,,,
+clip+polish,STACK,20,2,SINGLE_VARIANCE,lhs,comma,off,clip,0.24486453,0.14565744,100055,120,,,
+clip+polish,STACK,20,3,SINGLE_VARIANCE,lhs,comma,off,clip,0.23488726,0.18046855,98556,140,,,
+clip+polish,STACK,20,4,SINGLE_VARIANCE,lhs,comma,off,clip,0.22125706,0.2280249,97631,160,,,
+clip+polish,STACK,20,5,SINGLE_VARIANCE,lhs,comma,off,clip,0.23775073,0.1704778,93782,120,,,
+clip+polish,STACK,20,6,SINGLE_VARIANCE,lhs,comma,off,clip,0.23714498,0.17259129,98260,130,,,
+clip+polish,STACK,20,7,SINGLE_VARIANCE,lhs,comma,off,clip,0.26110475,0.08899464,99030,120,,,
+clip+polish,STACK,20,8,SINGLE_VARIANCE,lhs,comma,off,clip,0.23335846,0.18580261,98911,170,,,
+clip+polish,STACK,20,9,SINGLE_VARIANCE,lhs,comma,off,clip,0.24974894,0.12861554,99062,110,,,
+clip+polish,STACK,20,10,SINGLE_VARIANCE,lhs,comma,off,clip,0.21149821,0.26207392,93732,110,,,
+clip+polish,STACK,20,11,SINGLE_VARIANCE,lhs,comma,off,clip,0.24579355,0.14241605,98743,120,,,
+clip+polish,STACK,20,12,SINGLE_VARIANCE,lhs,comma,off,clip,0.24239335,0.15427949,97654,140,,,
+clip+polish,STACK,20,13,SINGLE_VARIANCE,lhs,comma,off,clip,0.22504498,0.2148087,98533,160,,,
+clip+polish,STACK,20,14,SINGLE_VARIANCE,lhs,comma,off,clip,0.24578504,0.14244575,99622,140,,,
+clip+polish,STACK,20,15,SINGLE_VARIANCE,lhs,comma,off,clip,0.2507756,0.12503349,100077,108,,,
+clip+polish,STACK,20,16,SINGLE_VARIANCE,lhs,comma,off,clip,0.2545332,0.11192306,100118,108,,,
+clip+polish,STACK,20,17,SINGLE_VARIANCE,lhs,comma,off,clip,0.23271803,0.1880371,97513,120,,,
+clip+polish,STACK,20,18,SINGLE_VARIANCE,lhs,comma,off,clip,0.25107566,0.12398656,97718,120,,,
+clip+polish,STACK,20,19,SINGLE_VARIANCE,lhs,comma,off,clip,0.22524406,0.2141141,97217,110,,,
+clip+polish,STACK,20,20,SINGLE_VARIANCE,lhs,comma,off,clip,0.22136001,0.22766569,99777,130,,,
+clip+polish,STACK,20,21,SINGLE_VARIANCE,lhs,comma,off,clip,0.24605505,0.14150369,97686,130,,,
+clip+polish,STACK,20,22,SINGLE_VARIANCE,lhs,comma,off,clip,0.2200504,0.23223497,99540,140,,,
+clip+polish,STACK,20,23,SINGLE_VARIANCE,lhs,comma,off,clip,0.22710998,0.20760383,98829,170,,,
+clip+polish,STACK,20,24,SINGLE_VARIANCE,lhs,comma,off,clip,0.21427904,0.25237151,100004,159,,,
+clip+polish+archive,STACK,7,0,SINGLE_VARIANCE,lhs,comma,bookkeeping,clip,0.52790139,0.01492259,100170,360,16455,,
+clip+polish+archive,STACK,7,1,SINGLE_VARIANCE,lhs,comma,bookkeeping,clip,0.5175851,0.03417305,100020,389,,,
+clip+polish+archive,STACK,7,2,SINGLE_VARIANCE,lhs,comma,bookkeeping,clip,0.52941886,0.01209096,100005,393,11685,,
+clip+polish+archive,STACK,7,3,SINGLE_VARIANCE,lhs,comma,bookkeeping,clip,0.52364639,0.02286253,99840,390,,,
+clip+polish+archive,STACK,7,4,SINGLE_VARIANCE,lhs,comma,bookkeeping,clip,0.52011103,0.02945961,100050,386,,,
+clip+polish+archive,STACK,7,5,SINGLE_VARIANCE,lhs,comma,bookkeeping,clip,0.53528012,0.00115371,99735,380,10560,35025,
+clip+polish+archive,STACK,7,6,SINGLE_VARIANCE,lhs,comma,bookkeeping,clip,0.51592874,0.03726387,100185,392,,,
+clip+polish+archive,STACK,7,7,SINGLE_VARIANCE,lhs,comma,bookkeeping,clip,0.52735057,0.01595044,100125,377,20220,,
+clip+polish+archive,STACK,7,8,SINGLE_VARIANCE,lhs,comma,bookkeeping,clip,0.52516987,0.02001968,99780,350,,,
+clip+polish+archive,STACK,7,9,SINGLE_VARIANCE,lhs,comma,bookkeeping,clip,0.51303224,0.0426688,100200,380,,,
+clip+polish+archive,STACK,7,10,SINGLE_VARIANCE,lhs,comma,bookkeeping,clip,0.52010522,0.02947044,99615,380,,,
+clip+polish+archive,STACK,7,11,SINGLE_VARIANCE,lhs,comma,bookkeeping,clip,0.50914639,0.0499199,100035,369,,,
+clip+polish+archive,STACK,7,12,SINGLE_VARIANCE,lhs,comma,bookkeeping,clip,0.51327626,0.04221347,100125,391,,,
+clip+polish+archive,STACK,7,13,SINGLE_VARIANCE,lhs,comma,bookkeeping,clip,0.50923025,0.04976342,100155,415,,,
+clip+polish+archive,STACK,7,14,SINGLE_VARIANCE,lhs,comma,bookkeeping,clip,0.51661208,0.03598873,100110,411,,,
+clip+polish+archive,STACK,7,15,SINGLE_VARIANCE,lhs,comma,bookkeeping,clip,0.51001666,0.04829596,100170,393,,,
+clip+polish+archive,STACK,7,16,SINGLE_VARIANCE,lhs,comma,bookkeeping,clip,0.52048236,0.02876669,100155,389,,,
+clip+polish+archive,STACK,7,17,SINGLE_VARIANCE,lhs,comma,bookkeeping,clip,0.52740457,0.01584967,100005,382,19335,,
+clip+polish+archive,STACK,7,18,SINGLE_VARIANCE,lhs,comma,bookkeeping,clip,0.51485752,0.0392628,100035,382,,,
+clip+polish+archive,STACK,7,19,SINGLE_VARIANCE,lhs,comma,bookkeeping,clip,0.51420898,0.04047298,100200,364,,,
+clip+polish+archive,STACK,7,20,SINGLE_VARIANCE,lhs,comma,bookkeeping,clip,0.51809913,0.03321385,100065,368,,,
+clip+polish+archive,STACK,7,21,SINGLE_VARIANCE,lhs,comma,bookkeeping,clip,0.52865422,0.0135178,99960,400,12975,,
+clip+polish+archive,STACK,7,22,SINGLE_VARIANCE,lhs,comma,bookkeeping,clip,0.52907951,0.0127242,100125,371,13410,,
+clip+polish+archive,STACK,7,23,SINGLE_VARIANCE,lhs,comma,bookkeeping,clip,0.51746867,0.03439031,99840,390,,,
+clip+polish+archive,STACK,7,24,SINGLE_VARIANCE,lhs,comma,bookkeeping,clip,0.51757188,0.03419773,100125,341,,,
+clip+polish+archive,STACK,10,0,SINGLE_VARIANCE,lhs,comma,bookkeeping,clip,0.38540554,0.08515488,100074,302,,,
+clip+polish+archive,STACK,10,1,SINGLE_VARIANCE,lhs,comma,bookkeeping,clip,0.39056647,0.07290426,100116,318,,,
+clip+polish+archive,STACK,10,2,SINGLE_VARIANCE,lhs,comma,bookkeeping,clip,0.40244647,0.04470445,99570,310,,,
+clip+polish+archive,STACK,10,3,SINGLE_VARIANCE,lhs,comma,bookkeeping,clip,0.39539299,0.06144746,100200,376,,,
+clip+polish+archive,STACK,10,4,SINGLE_VARIANCE,lhs,comma,bookkeeping,clip,0.40190631,0.04598664,100095,323,,,
+clip+polish+archive,STACK,10,5,SINGLE_VARIANCE,lhs,comma,bookkeeping,clip,0.39124869,0.07128486,100095,341,,,
+clip+polish+archive,STACK,10,6,SINGLE_VARIANCE,lhs,comma,bookkeeping,clip,0.3945094,0.06354485,100137,280,,,
+clip+polish+archive,STACK,10,7,SINGLE_VARIANCE,lhs,comma,bookkeeping,clip,0.39777725,0.05578788,100095,317,,,
+clip+polish+archive,STACK,10,8,SINGLE_VARIANCE,lhs,comma,bookkeeping,clip,0.40317294,0.04298002,100053,344,,,
+clip+polish+archive,STACK,10,9,SINGLE_VARIANCE,lhs,comma,bookkeeping,clip,0.41177428,0.02256284,100095,312,47196,,
+clip+polish+archive,STACK,10,10,SINGLE_VARIANCE,lhs,comma,bookkeeping,clip,0.40032783,0.04973352,99696,320,,,
+clip+polish+archive,STACK,10,11,SINGLE_VARIANCE,lhs,comma,bookkeeping,clip,0.3821994,0.09276534,100179,313,,,
+clip+polish+archive,STACK,10,12,SINGLE_VARIANCE,lhs,comma,bookkeeping,clip,0.4161909,0.01207903,100053,296,34848,,
+clip+polish+archive,STACK,10,13,SINGLE_VARIANCE,lhs,comma,bookkeeping,clip,0.38929673,0.07591827,99927,340,,,
+clip+polish+archive,STACK,10,14,SINGLE_VARIANCE,lhs,comma,bookkeeping,clip,0.38851308,0.07777844,100137,312,,,
+clip+polish+archive,STACK,10,15,SINGLE_VARIANCE,lhs,comma,bookkeeping,clip,0.36714586,0.12849824,100116,328,,,
+clip+polish+archive,STACK,10,16,SINGLE_VARIANCE,lhs,comma,bookkeeping,clip,0.38872681,0.0772711,100200,307,,,
+clip+polish+archive,STACK,10,17,SINGLE_VARIANCE,lhs,comma,bookkeeping,clip,0.37868485,0.10110791,100179,319,,,
+clip+polish+archive,STACK,10,18,SINGLE_VARIANCE,lhs,comma,bookkeeping,clip,0.39613544,0.05968508,99780,340,,,
+clip+polish+archive,STACK,10,19,SINGLE_VARIANCE,lhs,comma,bookkeeping,clip,0.37742582,0.10409649,99570,340,,,
+clip+polish+archive,STACK,10,20,SINGLE_VARIANCE,lhs,comma,bookkeeping,clip,0.40482097,0.03906805,100200,316,,,
+clip+polish+archive,STACK,10,21,SINGLE_VARIANCE,lhs,comma,bookkeeping,clip,0.3831678,0.09046665,100179,326,,,
+clip+polish+archive,STACK,10,22,SINGLE_VARIANCE,lhs,comma,bookkeeping,clip,0.38690129,0.08160438,99633,300,,,
+clip+polish+archive,STACK,10,23,SINGLE_VARIANCE,lhs,comma,bookkeeping,clip,0.4069413,0.03403499,99654,300,,,
+clip+polish+archive,STACK,10,24,SINGLE_VARIANCE,lhs,comma,bookkeeping,clip,0.38473334,0.08675047,100200,346,,,
+clip+polish+archive,STACK,15,0,SINGLE_VARIANCE,lhs,comma,bookkeeping,clip,0.28118754,0.17559985,100077,251,,,
+clip+polish+archive,STACK,15,1,SINGLE_VARIANCE,lhs,comma,bookkeeping,clip,0.27613713,0.1904069,99906,240,,,
+clip+polish+archive,STACK,15,2,SINGLE_VARIANCE,lhs,comma,bookkeeping,clip,0.29409674,0.13775199,99372,210,,,
+clip+polish+archive,STACK,15,3,SINGLE_VARIANCE,lhs,comma,bookkeeping,clip,0.2813923,0.17499951,100150,276,,,
+clip+polish+archive,STACK,15,4,SINGLE_VARIANCE,lhs,comma,bookkeeping,clip,0.31862032,0.06585248,100108,282,,,
+clip+polish+archive,STACK,15,5,SINGLE_VARIANCE,lhs,comma,bookkeeping,clip,0.28592151,0.16172055,100199,238,,,
+clip+polish+archive,STACK,15,6,SINGLE_VARIANCE,lhs,comma,bookkeeping,clip,0.29945218,0.12205063,99650,250,,,
+clip+polish+archive,STACK,15,7,SINGLE_VARIANCE,lhs,comma,bookkeeping,clip,0.27473563,0.1945159,99611,260,,,
+clip+polish+archive,STACK,15,8,SINGLE_VARIANCE,lhs,comma,bookkeeping,clip,0.2697159,0.209233,100179,325,,,
+clip+polish+archive,STACK,15,9,SINGLE_VARIANCE,lhs,comma,bookkeeping,clip,0.27715838,0.18741275,98510,280,,,
+clip+polish+archive,STACK,15,10,SINGLE_VARIANCE,lhs,comma,bookkeeping,clip,0.29823176,0.12562874,100167,247,,,
+clip+polish+archive,STACK,15,11,SINGLE_VARIANCE,lhs,comma,bookkeeping,clip,0.29248068,0.14249002,96249,200,,,
+clip+polish+archive,STACK,15,12,SINGLE_VARIANCE,lhs,comma,bookkeeping,clip,0.26646484,0.21876461,99844,240,,,
+clip+polish+archive,STACK,15,13,SINGLE_VARIANCE,lhs,comma,bookkeeping,clip,0.29602801,0.13208978,99635,230,,,
+clip+polish+archive,STACK,15,14,SINGLE_VARIANCE,lhs,comma,bookkeeping,clip,0.26140821,0.23358991,100094,253,,,
+clip+polish+archive,STACK,15,15,SINGLE_VARIANCE,lhs,comma,bookkeeping,clip,0.29968635,0.12136409,100020,206,,,
+clip+polish+archive,STACK,15,16,SINGLE_VARIANCE,lhs,comma,bookkeeping,clip,0.28780694,0.15619274,98883,240,,,
+clip+polish+archive,STACK,15,17,SINGLE_VARIANCE,lhs,comma,bookkeeping,clip,0.2797135,0.17992152,100100,292,,,
+clip+polish+archive,STACK,15,18,SINGLE_VARIANCE,lhs,comma,bookkeeping,clip,0.30014885,0.12000811,100071,336,,,
+clip+polish+archive,STACK,15,19,SINGLE_VARIANCE,lhs,comma,bookkeeping,clip,0.2846393,0.16547979,100138,229,,,
+clip+polish+archive,STACK,15,20,SINGLE_VARIANCE,lhs,comma,bookkeeping,clip,0.30206517,0.11438972,99317,240,,,
+clip+polish+archive,STACK,15,21,SINGLE_VARIANCE,lhs,comma,bookkeeping,clip,0.30378676,0.10934228,100020,299,,,
+clip+polish+archive,STACK,15,22,SINGLE_VARIANCE,lhs,comma,bookkeeping,clip,0.29246571,0.14253392,100062,231,,,
+clip+polish+archive,STACK,15,23,SINGLE_VARIANCE,lhs,comma,bookkeeping,clip,0.28820498,0.15502576,100022,343,,,
+clip+polish+archive,STACK,15,24,SINGLE_VARIANCE,lhs,comma,bookkeeping,clip,0.2999708,0.12053012,99085,220,,,
+clip+polish+archive,STACK,20,0,SINGLE_VARIANCE,lhs,comma,bookkeeping,clip,0.23018731,0.19686688,98911,170,,,
+clip+polish+archive,STACK,20,1,SINGLE_VARIANCE,lhs,comma,bookkeeping,clip,0.24778623,0.1354635,100012,136,,,
+clip+polish+archive,STACK,20,2,SINGLE_VARIANCE,lhs,comma,bookkeeping,clip,0.26034837,0.09163368,100177,169,,,
+clip+polish+archive,STACK,20,3,SINGLE_VARIANCE,lhs,comma,bookkeeping,clip,0.24797812,0.13479402,98861,160,,,
+clip+polish+archive,STACK,20,4,SINGLE_VARIANCE,lhs,comma,bookkeeping,clip,0.24399683,0.1486849,100109,180,,,
+clip+polish+archive,STACK,20,5,SINGLE_VARIANCE,lhs,comma,bookkeeping,clip,0.22470518,0.21599428,96902,170,,,
+clip+polish+archive,STACK,20,6,SINGLE_VARIANCE,lhs,comma,bookkeeping,clip,0.22204979,0.22525904,97754,160,,,
+clip+polish+archive,STACK,20,7,SINGLE_VARIANCE,lhs,comma,bookkeeping,clip,0.23556037,0.17812004,99576,180,,,
+clip+polish+archive,STACK,20,8,SINGLE_VARIANCE,lhs,comma,bookkeeping,clip,0.23581858,0.17721914,100132,201,,,
+clip+polish+archive,STACK,20,9,SINGLE_VARIANCE,lhs,comma,bookkeeping,clip,0.22307425,0.22168465,100047,266,,,
+clip+polish+archive,STACK,20,10,SINGLE_VARIANCE,lhs,comma,bookkeeping,clip,0.2469029,0.13854549,99703,230,,,
+clip+polish+archive,STACK,20,11,SINGLE_VARIANCE,lhs,comma,bookkeeping,clip,0.23395921,0.18370656,98765,190,,,
+clip+polish+archive,STACK,20,12,SINGLE_VARIANCE,lhs,comma,bookkeeping,clip,0.22062667,0.23022436,93294,170,,,
+clip+polish+archive,STACK,20,13,SINGLE_VARIANCE,lhs,comma,bookkeeping,clip,0.2427324,0.15309654,100090,127,,,
+clip+polish+archive,STACK,20,14,SINGLE_VARIANCE,lhs,comma,bookkeeping,clip,0.21089806,0.26416789,100014,161,,,
+clip+polish+archive,STACK,20,15,SINGLE_VARIANCE,lhs,comma,bookkeeping,clip,0.2325364,0.18867082,100121,248,,,
+clip+polish+archive,STACK,20,16,SINGLE_VARIANCE,lhs,comma,bookkeeping,clip,0.22072018,0.2298981,98783,210,,,
+clip+polish+archive,STACK,20,17,SINGLE_VARIANCE,lhs,comma,bookkeeping,clip,0.21839229,0.2380202,100015,194,,,
+clip+polish+archive,STACK,20,18,SINGLE_VARIANCE,lhs,comma,bookkeeping,clip,0.23400464,0.18354805,97740,190,,,
+clip+polish+archive,STACK,20,19,SINGLE_VARIANCE,lhs,comma,bookkeeping,clip,0.23459155,0.18150032,98077,200,,,
+clip+polish+archive,STACK,20,20,SINGLE_VARIANCE,lhs,comma,bookkeeping,clip,0.22445548,0.21686549,100071,156,,,
+clip+polish+archive,STACK,20,21,SINGLE_VARIANCE,lhs,comma,bookkeeping,clip,0.24073263,0.16007383,99174,280,,,
+clip+polish+archive,STACK,20,22,SINGLE_VARIANCE,lhs,comma,bookkeeping,clip,0.2613609,0.08810093,99089,140,,,
+clip+polish+archive,STACK,20,23,SINGLE_VARIANCE,lhs,comma,bookkeeping,clip,0.2155119,0.24807,99571,220,,,
+clip+polish+archive,STACK,20,24,SINGLE_VARIANCE,lhs,comma,bookkeeping,clip,0.2321642,0.18996944,100148,237,,,
+clip+f-polish+archive,STACK,7,0,SINGLE_VARIANCE,lhs,comma,bookkeeping,clip,0.51715453,0.03497651,100200,477,,,
+clip+f-polish+archive,STACK,7,1,SINGLE_VARIANCE,lhs,comma,bookkeeping,clip,0.5309735,0.00918996,100200,477,9900,,
+clip+f-polish+archive,STACK,7,2,SINGLE_VARIANCE,lhs,comma,bookkeeping,clip,0.53535684,0.00101053,100200,477,6330,11370,
+clip+f-polish+archive,STACK,7,3,SINGLE_VARIANCE,lhs,comma,bookkeeping,clip,0.51728272,0.0347373,100200,477,,,
+clip+f-polish+archive,STACK,7,4,SINGLE_VARIANCE,lhs,comma,bookkeeping,clip,0.51933841,0.03090133,100200,477,,,
+clip+f-polish+archive,STACK,7,5,SINGLE_VARIANCE,lhs,comma,bookkeeping,clip,0.52616399,0.01816463,100200,477,15570,,
+clip+f-polish+archive,STACK,7,6,SINGLE_VARIANCE,lhs,comma,bookkeeping,clip,0.53368427,0.00413159,100200,477,8010,,
+clip+f-polish+archive,STACK,7,7,SINGLE_VARIANCE,lhs,comma,bookkeeping,clip,0.51184401,0.04488607,100200,477,,,
+clip+f-polish+archive,STACK,7,8,SINGLE_VARIANCE,lhs,comma,bookkeeping,clip,0.5001864,0.06663947,100200,477,,,
+clip+f-polish+archive,STACK,7,9,SINGLE_VARIANCE,lhs,comma,bookkeeping,clip,0.50845621,0.0512078,100200,477,,,
+clip+f-polish+archive,STACK,7,10,SINGLE_VARIANCE,lhs,comma,bookkeeping,clip,0.52321637,0.02366497,100200,477,,,
+clip+f-polish+archive,STACK,7,11,SINGLE_VARIANCE,lhs,comma,bookkeeping,clip,0.50213587,0.06300172,100200,477,,,
+clip+f-polish+archive,STACK,7,12,SINGLE_VARIANCE,lhs,comma,bookkeeping,clip,0.52264723,0.02472699,100200,477,,,
+clip+f-polish+archive,STACK,7,13,SINGLE_VARIANCE,lhs,comma,bookkeeping,clip,0.52995234,0.01109547,100200,477,21030,,
+clip+f-polish+archive,STACK,7,14,SINGLE_VARIANCE,lhs,comma,bookkeeping,clip,0.50141099,0.06435436,100200,477,,,
+clip+f-polish+archive,STACK,7,15,SINGLE_VARIANCE,lhs,comma,bookkeeping,clip,0.51416688,0.04055154,100200,477,,,
+clip+f-polish+archive,STACK,7,16,SINGLE_VARIANCE,lhs,comma,bookkeeping,clip,0.52239351,0.02520045,100200,477,,,
+clip+f-polish+archive,STACK,7,17,SINGLE_VARIANCE,lhs,comma,bookkeeping,clip,0.51505693,0.03889068,100200,477,,,
+clip+f-polish+archive,STACK,7,18,SINGLE_VARIANCE,lhs,comma,bookkeeping,clip,0.52055335,0.02863422,100200,477,,,
+clip+f-polish+archive,STACK,7,19,SINGLE_VARIANCE,lhs,comma,bookkeeping,clip,0.52749848,0.01567443,100200,477,12000,,
+clip+f-polish+archive,STACK,7,20,SINGLE_VARIANCE,lhs,comma,bookkeeping,clip,0.52585342,0.01874415,100200,477,,,
+clip+f-polish+archive,STACK,7,21,SINGLE_VARIANCE,lhs,comma,bookkeeping,clip,0.52827975,0.01421657,100200,477,11790,,
+clip+f-polish+archive,STACK,7,22,SINGLE_VARIANCE,lhs,comma,bookkeeping,clip,0.52258784,0.02483782,100200,477,,,
+clip+f-polish+archive,STACK,7,23,SINGLE_VARIANCE,lhs,comma,bookkeeping,clip,0.51377134,0.04128962,100200,477,,,
+clip+f-polish+archive,STACK,7,24,SINGLE_VARIANCE,lhs,comma,bookkeeping,clip,0.51277294,0.04315267,100200,477,,,
+clip+f-polish+archive,STACK,10,0,SINGLE_VARIANCE,lhs,comma,bookkeeping,clip,0.38138742,0.09469277,100200,477,,,
+clip+f-polish+archive,STACK,10,1,SINGLE_VARIANCE,lhs,comma,bookkeeping,clip,0.40163119,0.04663969,100200,477,,,
+clip+f-polish+archive,STACK,10,2,SINGLE_VARIANCE,lhs,comma,bookkeeping,clip,0.3972036,0.05714957,100200,477,,,
+clip+f-polish+archive,STACK,10,3,SINGLE_VARIANCE,lhs,comma,bookkeeping,clip,0.39484377,0.06275114,100200,477,,,
+clip+f-polish+archive,STACK,10,4,SINGLE_VARIANCE,lhs,comma,bookkeeping,clip,0.40571825,0.03693816,100200,477,,,
+clip+f-polish+archive,STACK,10,5,SINGLE_VARIANCE,lhs,comma,bookkeeping,clip,0.39958074,0.0515069,100200,477,,,
+clip+f-polish+archive,STACK,10,6,SINGLE_VARIANCE,lhs,comma,bookkeeping,clip,0.38846164,0.07790053,100200,477,,,
+clip+f-polish+archive,STACK,10,7,SINGLE_VARIANCE,lhs,comma,bookkeeping,clip,0.40665757,0.03470847,100200,477,,,
+clip+f-polish+archive,STACK,10,8,SINGLE_VARIANCE,lhs,comma,bookkeeping,clip,0.41457595,0.01591246,100200,477,15360,,
+clip+f-polish+archive,STACK,10,9,SINGLE_VARIANCE,lhs,comma,bookkeeping,clip,0.39529955,0.06166924,100200,477,,,
+clip+f-polish+archive,STACK,10,10,SINGLE_VARIANCE,lhs,comma,bookkeeping,clip,0.33572004,0.20309438,100200,477,,,
+clip+f-polish+archive,STACK,10,11,SINGLE_VARIANCE,lhs,comma,bookkeeping,clip,0.36206062,0.14056919,100200,477,,,
+clip+f-polish+archive,STACK,10,12,SINGLE_VARIANCE,lhs,comma,bookkeeping,clip,0.39674186,0.05824561,100200,477,,,
+clip+f-polish+archive,STACK,10,13,SINGLE_VARIANCE,lhs,comma,bookkeeping,clip,0.40471818,0.03931206,100200,477,,,
+clip+f-polish+archive,STACK,10,14,SINGLE_VARIANCE,lhs,comma,bookkeeping,clip,0.39149007,0.0707119,100200,477,,,
+clip+f-polish+archive,STACK,10,15,SINGLE_VARIANCE,lhs,comma,bookkeeping,clip,0.35851329,0.14898957,100200,477,,,
+clip+f-polish+archive,STACK,10,16,SINGLE_VARIANCE,lhs,comma,bookkeeping,clip,0.39239988,0.06855226,100200,477,,,
+clip+f-polish+archive,STACK,10,17,SINGLE_VARIANCE,lhs,comma,bookkeeping,clip,0.38652919,0.08248764,100200,477,,,
+clip+f-polish+archive,STACK,10,18,SINGLE_VARIANCE,lhs,comma,bookkeeping,clip,0.38834469,0.07817814,100200,477,,,
+clip+f-polish+archive,STACK,10,19,SINGLE_VARIANCE,lhs,comma,bookkeeping,clip,0.38989437,0.07449965,100200,477,,,
+clip+f-polish+archive,STACK,10,20,SINGLE_VARIANCE,lhs,comma,bookkeeping,clip,0.35171966,0.16511575,100200,477,,,
+clip+f-polish+archive,STACK,10,21,SINGLE_VARIANCE,lhs,comma,bookkeeping,clip,0.41573842,0.01315309,100200,477,12840,,
+clip+f-polish+archive,STACK,10,22,SINGLE_VARIANCE,lhs,comma,bookkeeping,clip,0.40968057,0.02753272,100200,477,,,
+clip+f-polish+archive,STACK,10,23,SINGLE_VARIANCE,lhs,comma,bookkeeping,clip,0.41147376,0.0232762,100200,477,21030,,
+clip+f-polish+archive,STACK,10,24,SINGLE_VARIANCE,lhs,comma,bookkeeping,clip,0.38412447,0.08819578,100200,477,,,
+clip+f-polish+archive,STACK,15,0,SINGLE_VARIANCE,lhs,comma,bookkeeping,clip,0.32160353,0.05710615,100200,477,,,
+clip+f-polish+archive,STACK,15,1,SINGLE_VARIANCE,lhs,comma,bookkeeping,clip,0.28691701,0.15880188,100200,477,,,
+clip+f-polish+archive,STACK,15,2,SINGLE_VARIANCE,lhs,comma,bookkeeping,clip,0.29717951,0.12871376,100200,477,,,
+clip+f-polish+archive,STACK,15,3,SINGLE_VARIANCE,lhs,comma,bookkeeping,clip,0.28832183,0.15468315,100200,477,,,
+clip+f-polish+archive,STACK,15,4,SINGLE_VARIANCE,lhs,comma,bookkeeping,clip,0.29073426,0.14761029,100200,477,,,
+clip+f-polish+archive,STACK,15,5,SINGLE_VARIANCE,lhs,comma,bookkeeping,clip,0.2955913,0.13337016,100200,477,,,
+clip+f-polish+archive,STACK,15,6,SINGLE_VARIANCE,lhs,comma,bookkeeping,clip,0.29189959,0.1441937,100200,477,,,
+clip+f-polish+archive,STACK,15,7,SINGLE_VARIANCE,lhs,comma,bookkeeping,clip,0.28909107,0.15242788,100200,477,,,
+clip+f-polish+archive,STACK,15,8,SINGLE_VARIANCE,lhs,comma,bookkeeping,clip,0.26093002,0.23499188,100200,477,,,
+clip+f-polish+archive,STACK,15,9,SINGLE_VARIANCE,lhs,comma,bookkeeping,clip,0.26475441,0.22377934,100200,477,,,
+clip+f-polish+archive,STACK,15,10,SINGLE_VARIANCE,lhs,comma,bookkeeping,clip,0.30356127,0.11000339,100200,477,,,
+clip+f-polish+archive,STACK,15,11,SINGLE_VARIANCE,lhs,comma,bookkeeping,clip,0.30580262,0.10343207,100200,477,,,
+clip+f-polish+archive,STACK,15,12,SINGLE_VARIANCE,lhs,comma,bookkeeping,clip,0.31395282,0.07953689,100200,477,,,
+clip+f-polish+archive,STACK,15,13,SINGLE_VARIANCE,lhs,comma,bookkeeping,clip,0.30870373,0.09492645,100200,477,,,
+clip+f-polish+archive,STACK,15,14,SINGLE_VARIANCE,lhs,comma,bookkeeping,clip,0.28808854,0.15536713,100200,477,,,
+clip+f-polish+archive,STACK,15,15,SINGLE_VARIANCE,lhs,comma,bookkeeping,clip,0.27868942,0.18292397,100200,477,,,
+clip+f-polish+archive,STACK,15,16,SINGLE_VARIANCE,lhs,comma,bookkeeping,clip,0.29091385,0.14708374,100200,477,,,
+clip+f-polish+archive,STACK,15,17,SINGLE_VARIANCE,lhs,comma,bookkeeping,clip,0.28066976,0.17711791,100200,477,,,
+clip+f-polish+archive,STACK,15,18,SINGLE_VARIANCE,lhs,comma,bookkeeping,clip,0.30174978,0.11531441,100200,477,,,
+clip+f-polish+archive,STACK,15,19,SINGLE_VARIANCE,lhs,comma,bookkeeping,clip,0.26572146,0.22094409,100200,477,,,
+clip+f-polish+archive,STACK,15,20,SINGLE_VARIANCE,lhs,comma,bookkeeping,clip,0.28476112,0.16512263,100200,477,,,
+clip+f-polish+archive,STACK,15,21,SINGLE_VARIANCE,lhs,comma,bookkeeping,clip,0.28410703,0.16704035,100200,477,,,
+clip+f-polish+archive,STACK,15,22,SINGLE_VARIANCE,lhs,comma,bookkeeping,clip,0.29960773,0.12159459,100200,477,,,
+clip+f-polish+archive,STACK,15,23,SINGLE_VARIANCE,lhs,comma,bookkeeping,clip,0.28808371,0.1553813,100200,477,,,
+clip+f-polish+archive,STACK,15,24,SINGLE_VARIANCE,lhs,comma,bookkeeping,clip,0.30943584,0.09278002,100200,477,,,
+clip+f-polish+archive,STACK,20,0,SINGLE_VARIANCE,lhs,comma,bookkeeping,clip,0.23656594,0.17461159,100200,477,,,
+clip+f-polish+archive,STACK,20,1,SINGLE_VARIANCE,lhs,comma,bookkeeping,clip,0.23579103,0.17731527,100200,477,,,
+clip+f-polish+archive,STACK,20,2,SINGLE_VARIANCE,lhs,comma,bookkeeping,clip,0.22384412,0.21899853,100200,477,,,
+clip+f-polish+archive,STACK,20,3,SINGLE_VARIANCE,lhs,comma,bookkeeping,clip,0.23696127,0.17323226,100200,477,,,
+clip+f-polish+archive,STACK,20,4,SINGLE_VARIANCE,lhs,comma,bookkeeping,clip,0.24288319,0.15257042,100200,477,,,
+clip+f-polish+archive,STACK,20,5,SINGLE_VARIANCE,lhs,comma,bookkeeping,clip,0.24913988,0.13074058,100200,477,,,
+clip+f-polish+archive,STACK,20,6,SINGLE_VARIANCE,lhs,comma,bookkeeping,clip,0.2277764,0.20527865,100200,477,,,
+clip+f-polish+archive,STACK,20,7,SINGLE_VARIANCE,lhs,comma,bookkeeping,clip,0.25527095,0.10934902,100200,477,,,
+clip+f-polish+archive,STACK,20,8,SINGLE_VARIANCE,lhs,comma,bookkeeping,clip,0.22372202,0.21942455,100200,477,,,
+clip+f-polish+archive,STACK,20,9,SINGLE_VARIANCE,lhs,comma,bookkeeping,clip,0.22878999,0.20174219,100200,477,,,
+clip+f-polish+archive,STACK,20,10,SINGLE_VARIANCE,lhs,comma,bookkeeping,clip,0.2280017,0.20449255,100200,477,,,
+clip+f-polish+archive,STACK,20,11,SINGLE_VARIANCE,lhs,comma,bookkeeping,clip,0.2286975,0.20206491,100200,477,,,
+clip+f-polish+archive,STACK,20,12,SINGLE_VARIANCE,lhs,comma,bookkeeping,clip,0.25282457,0.11788455,100200,477,,,
+clip+f-polish+archive,STACK,20,13,SINGLE_VARIANCE,lhs,comma,bookkeeping,clip,0.22533454,0.21379841,100200,477,,,
+clip+f-polish+archive,STACK,20,14,SINGLE_VARIANCE,lhs,comma,bookkeeping,clip,0.22399558,0.2184701,100200,477,,,
+clip+f-polish+archive,STACK,20,15,SINGLE_VARIANCE,lhs,comma,bookkeeping,clip,0.23632771,0.17544278,100200,477,,,
+clip+f-polish+archive,STACK,20,16,SINGLE_VARIANCE,lhs,comma,bookkeeping,clip,0.23358695,0.18500539,100200,477,,,
+clip+f-polish+archive,STACK,20,17,SINGLE_VARIANCE,lhs,comma,bookkeeping,clip,0.23449561,0.18183505,100200,477,,,
+clip+f-polish+archive,STACK,20,18,SINGLE_VARIANCE,lhs,comma,bookkeeping,clip,0.23709786,0.17275569,100200,477,,,
+clip+f-polish+archive,STACK,20,19,SINGLE_VARIANCE,lhs,comma,bookkeeping,clip,0.21620968,0.24563542,100200,477,,,
+clip+f-polish+archive,STACK,20,20,SINGLE_VARIANCE,lhs,comma,bookkeeping,clip,0.24797585,0.13480194,100200,477,,,
+clip+f-polish+archive,STACK,20,21,SINGLE_VARIANCE,lhs,comma,bookkeeping,clip,0.24335819,0.15091313,100200,477,,,
+clip+f-polish+archive,STACK,20,22,SINGLE_VARIANCE,lhs,comma,bookkeeping,clip,0.24691141,0.1385158,100200,477,,,
+clip+f-polish+archive,STACK,20,23,SINGLE_VARIANCE,lhs,comma,bookkeeping,clip,0.24469695,0.14624216,100200,477,,,
+clip+f-polish+archive,STACK,20,24,SINGLE_VARIANCE,lhs,comma,bookkeeping,clip,0.24447269,0.1470246,100200,477,,,
