treatment,wp,n_circles,seed,strategy,init,selection_scheme,repair,final_best,final_gap,total_evals,total_generations,evals_to_1e-02,evals_to_1e-03,evals_to_1e-05
baseline,WP1,7,0,SINGLE_VARIANCE,lhs,comma,random,0.52346189,0.02320682,100200,477,,,
baseline,WP1,7,1,SINGLE_VARIANCE,lhs,comma,random,0.52127181,0.02729355,100200,477,,,
baseline,WP1,7,2,SINGLE_VARIANCE,lhs,comma,random,0.50248114,0.06235742,100200,477,,,
baseline,WP1,7,3,SINGLE_VARIANCE,lhs,comma,random,0.51468215,0.03959004,100200,477,,,
baseline,WP1,7,4,SINGLE_VARIANCE,lhs,comma,random,0.51915596,0.03124178,100200,477,,,
baseline,WP1,7,5,SINGLE_VARIANCE,lhs,comma,random,0.50698872,0.05394616,100200,477,,,
baseline,WP1,7,6,SINGLE_VARIANCE,lhs,comma,random,0.5172864,0.03473044,100200,477,,,
baseline,WP1,7,7,SINGLE_VARIANCE,lhs,comma,random,0.50380164,0.05989335,100200,477,,,
baseline,WP1,7,8,SINGLE_VARIANCE,lhs,comma,random,0.49045181,0.08480446,100200,477,,,
baseline,WP1,7,9,SINGLE_VARIANCE,lhs,comma,random,0.52402095,0.0221636,100200,477,,,
baseline,WP1,7,10,SINGLE_VARIANCE,lhs,comma,random,0.51180242,0.04496369,100200,477,,,
baseline,WP1,7,11,SINGLE_VARIANCE,lhs,comma,random,0.50043833,0.06616937,100200,477,,,
baseline,WP1,7,12,SINGLE_VARIANCE,lhs,comma,random,0.50639543,0.05505326,100200,477,,,
baseline,WP1,7,13,SINGLE_VARIANCE,lhs,comma,random,0.50790963,0.05222772,100200,477,,,
baseline,WP1,7,14,SINGLE_VARIANCE,lhs,comma,random,0.50833338,0.051437,100200,477,,,
baseline,WP1,7,15,SINGLE_VARIANCE,lhs,comma,random,0.50296748,0.0614499,100200,477,,,
baseline,WP1,7,16,SINGLE_VARIANCE,lhs,comma,random,0.50110747,0.06492072,100200,477,,,
baseline,WP1,7,17,SINGLE_VARIANCE,lhs,comma,random,0.52070558,0.02835016,100200,477,,,
baseline,WP1,7,18,SINGLE_VARIANCE,lhs,comma,random,0.52112662,0.02756448,100200,477,,,
baseline,WP1,7,19,SINGLE_VARIANCE,lhs,comma,random,0.50311767,0.06116965,100200,477,,,
baseline,WP1,7,20,SINGLE_VARIANCE,lhs,comma,random,0.5097985,0.04870305,100200,477,,,
baseline,WP1,7,21,SINGLE_VARIANCE,lhs,comma,random,0.50723671,0.05348341,100200,477,,,
baseline,WP1,7,22,SINGLE_VARIANCE,lhs,comma,random,0.51487983,0.03922115,100200,477,,,
baseline,WP1,7,23,SINGLE_VARIANCE,lhs,comma,random,0.50765901,0.0526954,100200,477,,,
baseline,WP1,7,24,SINGLE_VARIANCE,lhs,comma,random,0.49623347,0.07401575,100200,477,,,
baseline,WP1,10,0,SINGLE_VARIANCE,lhs,comma,random,0.19307309,0.54169841,100200,477,,,
baseline,WP1,10,1,SINGLE_VARIANCE,lhs,comma,random,0.34636016,0.17783769,100200,477,,,
baseline,WP1,10,2,SINGLE_VARIANCE,lhs,comma,random,0.37669875,0.10582236,100200,477,,,
baseline,WP1,10,3,SINGLE_VARIANCE,lhs,comma,random,0.38682456,0.08178651,100200,477,,,
baseline,WP1,10,4,SINGLE_VARIANCE,lhs,comma,random,0.35976971,0.14600717,100200,477,,,
baseline,WP1,10,5,SINGLE_VARIANCE,lhs,comma,random,0.34385817,0.18377673,100200,477,,,
baseline,WP1,10,6,SINGLE_VARIANCE,lhs,comma,random,0.35379266,0.16019503,100200,477,,,
baseline,WP1,10,7,SINGLE_VARIANCE,lhs,comma,random,0.37071109,0.12003539,100200,477,,,
baseline,WP1,10,8,SINGLE_VARIANCE,lhs,comma,random,0.34225169,0.18759006,100200,477,,,
baseline,WP1,10,9,SINGLE_VARIANCE,lhs,comma,random,0.38109084,0.09539677,100200,477,,,
baseline,WP1,10,10,SINGLE_VARIANCE,lhs,comma,random,0.36493101,0.13375569,100200,477,,,
baseline,WP1,10,11,SINGLE_VARIANCE,lhs,comma,random,0.38582101,0.08416867,100200,477,,,
baseline,WP1,10,12,SINGLE_VARIANCE,lhs,comma,random,0.37052891,0.12046783,100200,477,,,
baseline,WP1,10,13,SINGLE_VARIANCE,lhs,comma,random,0.38206742,0.09307864,100200,477,,,
baseline,WP1,10,14,SINGLE_VARIANCE,lhs,comma,random,0.36186588,0.14103145,100200,477,,,
baseline,WP1,10,15,SINGLE_VARIANCE,lhs,comma,random,0.18668308,0.5568665,100200,477,,,
baseline,WP1,10,16,SINGLE_VARIANCE,lhs,comma,random,0.37838561,0.10181822,100200,477,,,
baseline,WP1,10,17,SINGLE_VARIANCE,lhs,comma,random,0.19374446,0.54010476,100200,477,,,
baseline,WP1,10,18,SINGLE_VARIANCE,lhs,comma,random,0.36521931,0.13307135,100200,477,,,
baseline,WP1,10,19,SINGLE_VARIANCE,lhs,comma,random,0.38951111,0.0754094,100200,477,,,
baseline,WP1,10,20,SINGLE_VARIANCE,lhs,comma,random,0.36333899,0.1375347,100200,477,,,
baseline,WP1,10,21,SINGLE_VARIANCE,lhs,comma,random,0.3838345,0.08888408,100200,477,,,
baseline,WP1,10,22,SINGLE_VARIANCE,lhs,comma,random,0.36493563,0.13374472,100200,477,,,
baseline,WP1,10,23,SINGLE_VARIANCE,lhs,comma,random,0.36080724,0.14354436,100200,477,,,
baseline,WP1,10,24,SINGLE_VARIANCE,lhs,comma,random,0.33896358,0.19539511,100200,477,,,
baseline,WP1,15,0,SINGLE_VARIANCE,lhs,comma,random,0.15763232,0.53784542,100200,477,,,
baseline,WP1,15,1,SINGLE_VARIANCE,lhs,comma,random,0.13423631,0.60643905,100200,477,,,
baseline,WP1,15,2,SINGLE_VARIANCE,lhs,comma,random,0.12445872,0.6351055,100200,477,,,
baseline,WP1,15,3,SINGLE_VARIANCE,lhs,comma,random,0.26960898,0.20954648,100200,477,,,
baseline,WP1,15,4,SINGLE_VARIANCE,lhs,comma,random,0.13360642,0.6082858,100200,477,,,
baseline,WP1,15,5,SINGLE_VARIANCE,lhs,comma,random,0.22595246,0.3375409,100200,477,,,
baseline,WP1,15,6,SINGLE_VARIANCE,lhs,comma,random,0.26888497,0.21166915,100200,477,,,
baseline,WP1,15,7,SINGLE_VARIANCE,lhs,comma,random,0.1099413,0.67766843,100200,477,,,
baseline,WP1,15,8,SINGLE_VARIANCE,lhs,comma,random,0.25664397,0.24755796,100200,477,,,
baseline,WP1,15,9,SINGLE_VARIANCE,lhs,comma,random,0.13393853,0.60731211,100200,477,,,
baseline,WP1,15,10,SINGLE_VARIANCE,lhs,comma,random,0.12214837,0.64187911,100200,477,,,
baseline,WP1,15,11,SINGLE_VARIANCE,lhs,comma,random,0.26182743,0.23236082,100200,477,,,
baseline,WP1,15,12,SINGLE_VARIANCE,lhs,comma,random,0.1226486,0.6404125,100200,477,,,
baseline,WP1,15,13,SINGLE_VARIANCE,lhs,comma,random,0.13924099,0.59176606,100200,477,,,
baseline,WP1,15,14,SINGLE_VARIANCE,lhs,comma,random,0.13008253,0.61861733,100200,477,,,
baseline,WP1,15,15,SINGLE_VARIANCE,lhs,comma,random,0.12917571,0.62127598,100200,477,,,
baseline,WP1,15,16,SINGLE_VARIANCE,lhs,comma,random,0.25319488,0.25767018,100200,477,,,
baseline,WP1,15,17,SINGLE_VARIANCE,lhs,comma,random,0.28732792,0.15759717,100200,477,,,
baseline,WP1,15,18,SINGLE_VARIANCE,lhs,comma,random,0.12020796,0.6475681,100200,477,,,
baseline,WP1,15,19,SINGLE_VARIANCE,lhs,comma,random,0.12445126,0.63512738,100200,477,,,
baseline,WP1,15,20,SINGLE_VARIANCE,lhs,comma,random,0.1200628,0.64799367,100200,477,,,
baseline,WP1,15,21,SINGLE_VARIANCE,lhs,comma,random,0.12706146,0.62747466,100200,477,,,
baseline,WP1,15,22,SINGLE_VARIANCE,lhs,comma,random,0.11836371,0.65297517,100200,477,,,
baseline,WP1,15,23,SINGLE_VARIANCE,lhs,comma,random,0.10880545,0.68099856,100200,477,,,
baseline,WP1,15,24,SINGLE_VARIANCE,lhs,comma,random,0.11681662,0.657511,100200,477,,,
baseline,WP1,20,0,SINGLE_VARIANCE,lhs,comma,random,0.10832512,0.62204916,100200,477,,,
baseline,WP1,20,1,SINGLE_VARIANCE,lhs,comma,random,0.09052691,0.68414785,100200,477,,,
baseline,WP1,20,2,SINGLE_VARIANCE,lhs,comma,random,0.10270822,0.64164673,100200,477,,,
baseline,WP1,20,3,SINGLE_VARIANCE,lhs,comma,random,0.09554944,0.66662401,100200,477,,,
baseline,WP1,20,4,SINGLE_VARIANCE,lhs,comma,random,0.10161189,0.64547187,100200,477,,,
baseline,WP1,20,5,SINGLE_VARIANCE,lhs,comma,random,0.09723169,0.66075459,100200,477,,,
baseline,WP1,20,6,SINGLE_VARIANCE,lhs,comma,random,0.09178534,0.67975713,100200,477,,,
baseline,WP1,20,7,SINGLE_VARIANCE,lhs,comma,random,0.14899417,0.48015314,100200,477,,,
baseline,WP1,20,8,SINGLE_VARIANCE,lhs,comma,random,0.1056125,0.63151358,100200,477,,,
baseline,WP1,20,9,SINGLE_VARIANCE,lhs,comma,random,0.1183782,0.58697352,100200,477,,,
baseline,WP1,20,10,SINGLE_VARIANCE,lhs,comma,random,0.1081551,0.62264233,100200,477,,,
baseline,WP1,20,11,SINGLE_VARIANCE,lhs,comma,random,0.10468306,0.63475644,100200,477,,,
baseline,WP1,20,12,SINGLE_VARIANCE,lhs,comma,random,0.21254019,0.25843843,100200,477,,,
baseline,WP1,20,13,SINGLE_VARIANCE,lhs,comma,random,0.09527143,0.667594,100200,477,,,
baseline,WP1,20,14,SINGLE_VARIANCE,lhs,comma,random,0.10262361,0.64194195,100200,477,,,
baseline,WP1,20,15,SINGLE_VARIANCE,lhs,comma,random,0.0911133,0.68210192,100200,477,,,
baseline,WP1,20,16,SINGLE_VARIANCE,lhs,comma,random,0.0892808,0.68849557,100200,477,,,
baseline,WP1,20,17,SINGLE_VARIANCE,lhs,comma,random,0.10828504,0.62218899,100200,477,,,
baseline,WP1,20,18,SINGLE_VARIANCE,lhs,comma,random,0.1207543,0.57868323,100200,477,,,
baseline,WP1,20,19,SINGLE_VARIANCE,lhs,comma,random,0.08276896,0.71121566,100200,477,,,
baseline,WP1,20,20,SINGLE_VARIANCE,lhs,comma,random,0.08737508,0.69514469,100200,477,,,
baseline,WP1,20,21,SINGLE_VARIANCE,lhs,comma,random,0.10446979,0.63550053,100200,477,,,
baseline,WP1,20,22,SINGLE_VARIANCE,lhs,comma,random,0.09805365,0.65788674,100200,477,,,
baseline,WP1,20,23,SINGLE_VARIANCE,lhs,comma,random,0.2021395,0.29472685,100200,477,,,
baseline,WP1,20,24,SINGLE_VARIANCE,lhs,comma,random,0.1057729,0.63095396,100200,477,,,
B-no_lhs,WP1,7,0,SINGLE_VARIANCE,uniform,comma,random,0.50834024,0.0514242,100200,477,,,
B-no_lhs,WP1,7,1,SINGLE_VARIANCE,uniform,comma,random,0.50125408,0.06464715,100200,477,,,
B-no_lhs,WP1,7,2,SINGLE_VARIANCE,uniform,comma,random,0.50012583,0.06675249,100200,477,,,
B-no_lhs,WP1,7,3,SINGLE_VARIANCE,uniform,comma,random,0.50361945,0.06023331,100200,477,,,
B-no_lhs,WP1,7,4,SINGLE_VARIANCE,uniform,comma,random,0.51153835,0.04545645,100200,477,,,
B-no_lhs,WP1,7,5,SINGLE_VARIANCE,uniform,comma,random,0.4996038,0.06772662,100200,477,,,
B-no_lhs,WP1,7,6,SINGLE_VARIANCE,uniform,comma,random,0.50767069,0.05267359,100200,477,,,
B-no_lhs,WP1,7,7,SINGLE_VARIANCE,uniform,comma,random,0.50751272,0.05296837,100200,477,,,
B-no_lhs,WP1,7,8,SINGLE_VARIANCE,uniform,comma,random,0.50357189,0.06032206,100200,477,,,
B-no_lhs,WP1,7,9,SINGLE_VARIANCE,uniform,comma,random,0.51807013,0.03326797,100200,477,,,
B-no_lhs,WP1,7,10,SINGLE_VARIANCE,uniform,comma,random,0.50351743,0.06042369,100200,477,,,
B-no_lhs,WP1,7,11,SINGLE_VARIANCE,uniform,comma,random,0.52000961,0.02964885,100200,477,,,
B-no_lhs,WP1,7,12,SINGLE_VARIANCE,uniform,comma,random,0.5065346,0.05479357,100200,477,,,
B-no_lhs,WP1,7,13,SINGLE_VARIANCE,uniform,comma,random,0.5008517,0.06539801,100200,477,,,
B-no_lhs,WP1,7,14,SINGLE_VARIANCE,uniform,comma,random,0.53081152,0.00949223,100200,477,14940,,
B-no_lhs,WP1,7,15,SINGLE_VARIANCE,uniform,comma,random,0.50542516,0.05686382,100200,477,,,
B-no_lhs,WP1,7,16,SINGLE_VARIANCE,uniform,comma,random,0.5035728,0.06032037,100200,477,,,
B-no_lhs,WP1,7,17,SINGLE_VARIANCE,uniform,comma,random,0.50905086,0.05009817,100200,477,,,
B-no_lhs,WP1,7,18,SINGLE_VARIANCE,uniform,comma,random,0.50303625,0.06132158,100200,477,,,
B-no_lhs,WP1,7,19,SINGLE_VARIANCE,uniform,comma,random,0.52696702,0.01666616,100200,477,15360,,
B-no_lhs,WP1,7,20,SINGLE_VARIANCE,uniform,comma,random,0.51499703,0.03900247,100200,477,,,
B-no_lhs,WP1,7,21,SINGLE_VARIANCE,uniform,comma,random,0.52657993,0.01738847,100200,477,18090,,
B-no_lhs,WP1,7,22,SINGLE_VARIANCE,uniform,comma,random,0.52666503,0.01722968,100200,477,19350,,
B-no_lhs,WP1,7,23,SINGLE_VARIANCE,uniform,comma,random,0.50213792,0.06299788,100200,477,,,
B-no_lhs,WP1,7,24,SINGLE_VARIANCE,uniform,comma,random,0.5058402,0.05608934,100200,477,,,
B-no_lhs,WP1,10,0,SINGLE_VARIANCE,uniform,comma,random,0.34492334,0.18124831,100200,477,,,
B-no_lhs,WP1,10,1,SINGLE_VARIANCE,uniform,comma,random,0.33383733,0.2075634,100200,477,,,
B-no_lhs,WP1,10,2,SINGLE_VARIANCE,uniform,comma,random,0.35867446,0.14860699,100200,477,,,
B-no_lhs,WP1,10,3,SINGLE_VARIANCE,uniform,comma,random,0.19923437,0.52707324,100200,477,,,
B-no_lhs,WP1,10,4,SINGLE_VARIANCE,uniform,comma,random,0.37845039,0.10166444,100200,477,,,
B-no_lhs,WP1,10,5,SINGLE_VARIANCE,uniform,comma,random,0.38968284,0.07500175,100200,477,,,
B-no_lhs,WP1,10,6,SINGLE_VARIANCE,uniform,comma,random,0.37535536,0.10901119,100200,477,,,
B-no_lhs,WP1,10,7,SINGLE_VARIANCE,uniform,comma,random,0.3353745,0.20391459,100200,477,,,
B-no_lhs,WP1,10,8,SINGLE_VARIANCE,uniform,comma,random,0.1692841,0.59816682,100200,477,,,
B-no_lhs,WP1,10,9,SINGLE_VARIANCE,uniform,comma,random,0.3496381,0.17005678,100200,477,,,
B-no_lhs,WP1,10,10,SINGLE_VARIANCE,uniform,comma,random,0.19536687,0.5362536,100200,477,,,
B-no_lhs,WP1,10,11,SINGLE_VARIANCE,uniform,comma,random,0.36624238,0.13064286,100200,477,,,
B-no_lhs,WP1,10,12,SINGLE_VARIANCE,uniform,comma,random,0.36743936,0.12780157,100200,477,,,
B-no_lhs,WP1,10,13,SINGLE_VARIANCE,uniform,comma,random,0.16736385,0.60272496,100200,477,,,
B-no_lhs,WP1,10,14,SINGLE_VARIANCE,uniform,comma,random,0.36593011,0.13138409,100200,477,,,
B-no_lhs,WP1,10,15,SINGLE_VARIANCE,uniform,comma,random,0.34156917,0.18921016,100200,477,,,
B-no_lhs,WP1,10,16,SINGLE_VARIANCE,uniform,comma,random,0.36260426,0.13927873,100200,477,,,
B-no_lhs,WP1,10,17,SINGLE_VARIANCE,uniform,comma,random,0.35207033,0.16428335,100200,477,,,
B-no_lhs,WP1,10,18,SINGLE_VARIANCE,uniform,comma,random,0.34833955,0.17313918,100200,477,,,
B-no_lhs,WP1,10,19,SINGLE_VARIANCE,uniform,comma,random,0.35284545,0.16244344,100200,477,,,
B-no_lhs,WP1,10,20,SINGLE_VARIANCE,uniform,comma,random,0.37815386,0.10236832,100200,477,,,
B-no_lhs,WP1,10,21,SINGLE_VARIANCE,uniform,comma,random,0.38921652,0.07610867,100200,477,,,
B-no_lhs,WP1,10,22,SINGLE_VARIANCE,uniform,comma,random,0.35934095,0.14702493,100200,477,,,
B-no_lhs,WP1,10,23,SINGLE_VARIANCE,uniform,comma,random,0.34761703,0.17485423,100200,477,,,
B-no_lhs,WP1,10,24,SINGLE_VARIANCE,uniform,comma,random,0.34263896,0.18667079,100200,477,,,
B-no_lhs,WP1,15,0,SINGLE_VARIANCE,uniform,comma,random,0.11902735,0.65102946,100200,477,,,
B-no_lhs,WP1,15,1,SINGLE_VARIANCE,uniform,comma,random,0.13136582,0.61485491,100200,477,,,
B-no_lhs,WP1,15,2,SINGLE_VARIANCE,uniform,comma,random,0.12749866,0.62619284,100200,477,,,
B-no_lhs,WP1,15,3,SINGLE_VARIANCE,uniform,comma,random,0.26893495,0.21152264,100200,477,,,
B-no_lhs,WP1,15,4,SINGLE_VARIANCE,uniform,comma,random,0.25322022,0.25759587,100200,477,,,
B-no_lhs,WP1,15,5,SINGLE_VARIANCE,uniform,comma,random,0.13167933,0.61393574,100200,477,,,
B-no_lhs,WP1,15,6,SINGLE_VARIANCE,uniform,comma,random,0.13816036,0.59493433,100200,477,,,
B-no_lhs,WP1,15,7,SINGLE_VARIANCE,uniform,comma,random,0.13339944,0.60889263,100200,477,,,
B-no_lhs,WP1,15,8,SINGLE_VARIANCE,uniform,comma,random,0.13983832,0.59001479,100200,477,,,
B-no_lhs,WP1,15,9,SINGLE_VARIANCE,uniform,comma,random,0.12331381,0.63846221,100200,477,,,
B-no_lhs,WP1,15,10,SINGLE_VARIANCE,uniform,comma,random,0.12739879,0.62648565,100200,477,,,
B-no_lhs,WP1,15,11,SINGLE_VARIANCE,uniform,comma,random,0.16325405,0.52136336,100200,477,,,
B-no_lhs,WP1,15,12,SINGLE_VARIANCE,uniform,comma,random,0.27906385,0.18182619,100200,477,,,
B-no_lhs,WP1,15,13,SINGLE_VARIANCE,uniform,comma,random,0.25472949,0.25317093,100200,477,,,
B-no_lhs,WP1,15,14,SINGLE_VARIANCE,uniform,comma,random,0.13000974,0.61883072,100200,477,,,
B-no_lhs,WP1,15,15,SINGLE_VARIANCE,uniform,comma,random,0.2541683,0.25481625,100200,477,,,
B-no_lhs,WP1,15,16,SINGLE_VARIANCE,uniform,comma,random,0.13019459,0.61828877,100200,477,,,
B-no_lhs,WP1,15,17,SINGLE_VARIANCE,uniform,comma,random,0.2532146,0.25761235,100200,477,,,
B-no_lhs,WP1,15,18,SINGLE_VARIANCE,uniform,comma,random,0.12117436,0.64473475,100200,477,,,
B-no_lhs,WP1,15,19,SINGLE_VARIANCE,uniform,comma,random,0.13937331,0.59137813,100200,477,,,
B-no_lhs,WP1,15,20,SINGLE_VARIANCE,uniform,comma,random,0.28108032,0.17591421,100200,477,,,
B-no_lhs,WP1,15,21,SINGLE_VARIANCE,uniform,comma,random,0.13525287,0.60345866,100200,477,,,
B-no_lhs,WP1,15,22,SINGLE_VARIANCE,uniform,comma,random,0.13221244,0.61237273,100200,477,,,
B-no_lhs,WP1,15,23,SINGLE_VARIANCE,uniform,comma,random,0.12401038,0.63641997,100200,477,,,
B-no_lhs,WP1,15,24,SINGLE_VARIANCE,uniform,comma,random,0.25123611,0.26341299,100200,477,,,
B-no_lhs,WP1,20,0,SINGLE_VARIANCE,uniform,comma,random,0.08870406,0.69050783,100200,477,,,
B-no_lhs,WP1,20,1,SINGLE_VARIANCE,uniform,comma,random,0.08779461,0.69368095,100200,477,,,
B-no_lhs,WP1,20,2,SINGLE_VARIANCE,uniform,comma,random,0.09667476,0.66269773,100200,477,,,
B-no_lhs,WP1,20,3,SINGLE_VARIANCE,uniform,comma,random,0.10354758,0.63871817,100200,477,,,
B-no_lhs,WP1,20,4,SINGLE_VARIANCE,uniform,comma,random,0.09564196,0.6663012,100200,477,,,
B-no_lhs,WP1,20,5,SINGLE_VARIANCE,uniform,comma,random,0.0872239,0.69567216,100200,477,,,
B-no_lhs,WP1,20,6,SINGLE_VARIANCE,uniform,comma,random,0.10416821,0.63655279,100200,477,,,
B-no_lhs,WP1,20,7,SINGLE_VARIANCE,uniform,comma,random,0.09776661,0.65888823,100200,477,,,
B-no_lhs,WP1,20,8,SINGLE_VARIANCE,uniform,comma,random,0.1050354,0.63352712,100200,477,,,
B-no_lhs,WP1,20,9,SINGLE_VARIANCE,uniform,comma,random,0.09647292,0.66340195,100200,477,,,
B-no_lhs,WP1,20,10,SINGLE_VARIANCE,uniform,comma,random,0.08461356,0.70477977,100200,477,,,
B-no_lhs,WP1,20,11,SINGLE_VARIANCE,uniform,comma,random,0.09451435,0.67023548,100200,477,,,
B-no_lhs,WP1,20,12,SINGLE_VARIANCE,uniform,comma,random,0.09383269,0.67261383,100200,477,,,
B-no_lhs,WP1,20,13,SINGLE_VARIANCE,uniform,comma,random,0.20904398,0.27063684,100200,477,,,
B-no_lhs,WP1,20,14,SINGLE_VARIANCE,uniform,comma,random,0.08624458,0.69908908,100200,477,,,
B-no_lhs,WP1,20,15,SINGLE_VARIANCE,uniform,comma,random,0.10977855,0.61697805,100200,477,,,
B-no_lhs,WP1,20,16,SINGLE_VARIANCE,uniform,comma,random,0.22112058,0.22850109,100200,477,,,
B-no_lhs,WP1,20,17,SINGLE_VARIANCE,uniform,comma,random,0.10237498,0.64280942,100200,477,,,
B-no_lhs,WP1,20,18,SINGLE_VARIANCE,uniform,comma,random,0.10604814,0.62999361,100200,477,,,
B-no_lhs,WP1,20,19,SINGLE_VARIANCE,uniform,comma,random,0.2172158,0.24212501,100200,477,,,
B-no_lhs,WP1,20,20,SINGLE_VARIANCE,uniform,comma,random,0.09884535,0.65512445,100200,477,,,
B-no_lhs,WP1,20,21,SINGLE_VARIANCE,uniform,comma,random,0.08529764,0.70239298,100200,477,,,
B-no_lhs,WP1,20,22,SINGLE_VARIANCE,uniform,comma,random,0.09138745,0.68114537,100200,477,,,
B-no_lhs,WP1,20,23,SINGLE_VARIANCE,uniform,comma,random,0.09306957,0.6752764,100200,477,,,
B-no_lhs,WP1,20,24,SINGLE_VARIANCE,uniform,comma,random,0.09885453,0.65509241,100200,477,,,
B-repair_clip,WP3,7,0,SINGLE_VARIANCE,lhs,comma,clip,0.51715452,0.03497652,100200,477,,,
B-repair_clip,WP3,7,1,SINGLE_VARIANCE,lhs,comma,clip,0.53097347,0.00919002,100200,477,9900,,
B-repair_clip,WP3,7,2,SINGLE_VARIANCE,lhs,comma,clip,0.53535012,0.00102307,100200,477,6330,11370,
B-repair_clip,WP3,7,3,SINGLE_VARIANCE,lhs,comma,clip,0.51728268,0.03473738,100200,477,,,
B-repair_clip,WP3,7,4,SINGLE_VARIANCE,lhs,comma,clip,0.51933841,0.03090134,100200,477,,,
B-repair_clip,WP3,7,5,SINGLE_VARIANCE,lhs,comma,clip,0.52616394,0.01816471,100200,477,15570,,
B-repair_clip,WP3,7,6,SINGLE_VARIANCE,lhs,comma,clip,0.53368427,0.00413159,100200,477,8010,,
B-repair_clip,WP3,7,7,SINGLE_VARIANCE,lhs,comma,clip,0.511844,0.04488609,100200,477,,,
B-repair_clip,WP3,7,8,SINGLE_VARIANCE,lhs,comma,clip,0.50017466,0.06666138,100200,477,,,
B-repair_clip,WP3,7,9,SINGLE_VARIANCE,lhs,comma,clip,0.5084562,0.05120782,100200,477,,,
B-repair_clip,WP3,7,10,SINGLE_VARIANCE,lhs,comma,clip,0.52321637,0.02366497,100200,477,,,
B-repair_clip,WP3,7,11,SINGLE_VARIANCE,lhs,comma,clip,0.50212129,0.06302891,100200,477,,,
B-repair_clip,WP3,7,12,SINGLE_VARIANCE,lhs,comma,clip,0.52264723,0.024727,100200,477,,,
B-repair_clip,WP3,7,13,SINGLE_VARIANCE,lhs,comma,clip,0.52995233,0.01109548,100200,477,21030,,
B-repair_clip,WP3,7,14,SINGLE_VARIANCE,lhs,comma,clip,0.50141097,0.0643544,100200,477,,,
B-repair_clip,WP3,7,15,SINGLE_VARIANCE,lhs,comma,clip,0.51416688,0.04055154,100200,477,,,
B-repair_clip,WP3,7,16,SINGLE_VARIANCE,lhs,comma,clip,0.52239344,0.02520057,100200,477,,,
B-repair_clip,WP3,7,17,SINGLE_VARIANCE,lhs,comma,clip,0.51505693,0.03889069,100200,477,,,
B-repair_clip,WP3,7,18,SINGLE_VARIANCE,lhs,comma,clip,0.52055329,0.02863435,100200,477,,,
B-repair_clip,WP3,7,19,SINGLE_VARIANCE,lhs,comma,clip,0.52749845,0.01567448,100200,477,12000,,
B-repair_clip,WP3,7,20,SINGLE_VARIANCE,lhs,comma,clip,0.52585342,0.01874416,100200,477,,,
B-repair_clip,WP3,7,21,SINGLE_VARIANCE,lhs,comma,clip,0.52827974,0.01421659,100200,477,11790,,
B-repair_clip,WP3,7,22,SINGLE_VARIANCE,lhs,comma,clip,0.52258781,0.02483786,100200,477,,,
B-repair_clip,WP3,7,23,SINGLE_VARIANCE,lhs,comma,clip,0.51377134,0.04128963,100200,477,,,
B-repair_clip,WP3,7,24,SINGLE_VARIANCE,lhs,comma,clip,0.51277293,0.04315269,100200,477,,,
B-repair_clip,WP3,10,0,SINGLE_VARIANCE,lhs,comma,clip,0.3813874,0.0946928,100200,477,,,
B-repair_clip,WP3,10,1,SINGLE_VARIANCE,lhs,comma,clip,0.40163115,0.04663979,100200,477,,,
B-repair_clip,WP3,10,2,SINGLE_VARIANCE,lhs,comma,clip,0.3972036,0.05714957,100200,477,,,
B-repair_clip,WP3,10,3,SINGLE_VARIANCE,lhs,comma,clip,0.39484372,0.06275127,100200,477,,,
B-repair_clip,WP3,10,4,SINGLE_VARIANCE,lhs,comma,clip,0.40571823,0.03693821,100200,477,,,
B-repair_clip,WP3,10,5,SINGLE_VARIANCE,lhs,comma,clip,0.39958074,0.05150691,100200,477,,,
B-repair_clip,WP3,10,6,SINGLE_VARIANCE,lhs,comma,clip,0.38846162,0.0779006,100200,477,,,
B-repair_clip,WP3,10,7,SINGLE_VARIANCE,lhs,comma,clip,0.40665755,0.03470854,100200,477,,,
B-repair_clip,WP3,10,8,SINGLE_VARIANCE,lhs,comma,clip,0.41457591,0.01591256,100200,477,15360,,
B-repair_clip,WP3,10,9,SINGLE_VARIANCE,lhs,comma,clip,0.39529953,0.06166929,100200,477,,,
B-repair_clip,WP3,10,10,SINGLE_VARIANCE,lhs,comma,clip,0.33536731,0.20393166,100200,477,,,
B-repair_clip,WP3,10,11,SINGLE_VARIANCE,lhs,comma,clip,0.36206057,0.14056931,100200,477,,,
B-repair_clip,WP3,10,12,SINGLE_VARIANCE,lhs,comma,clip,0.39674183,0.05824569,100200,477,,,
B-repair_clip,WP3,10,13,SINGLE_VARIANCE,lhs,comma,clip,0.40471816,0.0393121,100200,477,,,
B-repair_clip,WP3,10,14,SINGLE_VARIANCE,lhs,comma,clip,0.39149006,0.07071191,100200,477,,,
B-repair_clip,WP3,10,15,SINGLE_VARIANCE,lhs,comma,clip,0.35851324,0.14898967,100200,477,,,
B-repair_clip,WP3,10,16,SINGLE_VARIANCE,lhs,comma,clip,0.39239981,0.06855243,100200,477,,,
B-repair_clip,WP3,10,17,SINGLE_VARIANCE,lhs,comma,clip,0.38652917,0.08248768,100200,477,,,
B-repair_clip,WP3,10,18,SINGLE_VARIANCE,lhs,comma,clip,0.38834464,0.07817827,100200,477,,,
B-repair_clip,WP3,10,19,SINGLE_VARIANCE,lhs,comma,clip,0.38989436,0.07449967,100200,477,,,
B-repair_clip,WP3,10,20,SINGLE_VARIANCE,lhs,comma,clip,0.35171965,0.16511575,100200,477,,,
B-repair_clip,WP3,10,21,SINGLE_VARIANCE,lhs,comma,clip,0.41573839,0.01315316,100200,477,12840,,
B-repair_clip,WP3,10,22,SINGLE_VARIANCE,lhs,comma,clip,0.40968055,0.02753277,100200,477,,,
B-repair_clip,WP3,10,23,SINGLE_VARIANCE,lhs,comma,clip,0.41147374,0.02327625,100200,477,21030,,
B-repair_clip,WP3,10,24,SINGLE_VARIANCE,lhs,comma,clip,0.38412444,0.08819583,100200,477,,,
B-repair_clip,WP3,15,0,SINGLE_VARIANCE,lhs,comma,clip,0.3216035,0.05710623,100200,477,,,
B-repair_clip,WP3,15,1,SINGLE_VARIANCE,lhs,comma,clip,0.28691701,0.15880189,100200,477,,,
B-repair_clip,WP3,15,2,SINGLE_VARIANCE,lhs,comma,clip,0.2971795,0.12871378,100200,477,,,
B-repair_clip,WP3,15,3,SINGLE_VARIANCE,lhs,comma,clip,0.2883218,0.15468327,100200,477,,,
B-repair_clip,WP3,15,4,SINGLE_VARIANCE,lhs,comma,clip,0.29073425,0.14761031,100200,477,,,
B-repair_clip,WP3,15,5,SINGLE_VARIANCE,lhs,comma,clip,0.29559128,0.13337023,100200,477,,,
B-repair_clip,WP3,15,6,SINGLE_VARIANCE,lhs,comma,clip,0.29189955,0.14419382,100200,477,,,
B-repair_clip,WP3,15,7,SINGLE_VARIANCE,lhs,comma,clip,0.28909105,0.15242793,100200,477,,,
B-repair_clip,WP3,15,8,SINGLE_VARIANCE,lhs,comma,clip,0.26093001,0.23499193,100200,477,,,
B-repair_clip,WP3,15,9,SINGLE_VARIANCE,lhs,comma,clip,0.26475437,0.22377946,100200,477,,,
B-repair_clip,WP3,15,10,SINGLE_VARIANCE,lhs,comma,clip,0.30356127,0.11000339,100200,477,,,
B-repair_clip,WP3,15,11,SINGLE_VARIANCE,lhs,comma,clip,0.30580262,0.10343208,100200,477,,,
B-repair_clip,WP3,15,12,SINGLE_VARIANCE,lhs,comma,clip,0.31395282,0.0795369,100200,477,,,
B-repair_clip,WP3,15,13,SINGLE_VARIANCE,lhs,comma,clip,0.30870372,0.09492649,100200,477,,,
B-repair_clip,WP3,15,14,SINGLE_VARIANCE,lhs,comma,clip,0.28808853,0.15536716,100200,477,,,
B-repair_clip,WP3,15,15,SINGLE_VARIANCE,lhs,comma,clip,0.27868937,0.1829241,100200,477,,,
B-repair_clip,WP3,15,16,SINGLE_VARIANCE,lhs,comma,clip,0.2909137,0.14708418,100200,477,,,
B-repair_clip,WP3,15,17,SINGLE_VARIANCE,lhs,comma,clip,0.28066975,0.17711792,100200,477,,,
B-repair_clip,WP3,15,18,SINGLE_VARIANCE,lhs,comma,clip,0.30174978,0.11531442,100200,477,,,
B-repair_clip,WP3,15,19,SINGLE_VARIANCE,lhs,comma,clip,0.26572143,0.22094419,100200,477,,,
B-repair_clip,WP3,15,20,SINGLE_VARIANCE,lhs,comma,clip,0.2847611,0.16512269,100200,477,,,
B-repair_clip,WP3,15,21,SINGLE_VARIANCE,lhs,comma,clip,0.28410701,0.16704039,100200,477,,,
B-repair_clip,WP3,15,22,SINGLE_VARIANCE,lhs,comma,clip,0.29960772,0.1215946,100200,477,,,
B-repair_clip,WP3,15,23,SINGLE_VARIANCE,lhs,comma,clip,0.28808367,0.15538142,100200,477,,,
B-repair_clip,WP3,15,24,SINGLE_VARIANCE,lhs,comma,clip,0.30943584,0.09278002,100200,477,,,
B-repair_clip,WP3,20,0,SINGLE_VARIANCE,lhs,comma,clip,0.23656593,0.1746116,100200,477,,,
B-repair_clip,WP3,20,1,SINGLE_VARIANCE,lhs,comma,clip,0.23579099,0.17731542,100200,477,,,
B-repair_clip,WP3,20,2,SINGLE_VARIANCE,lhs,comma,clip,0.2238441,0.21899861,100200,477,,,
B-repair_clip,WP3,20,3,SINGLE_VARIANCE,lhs,comma,clip,0.23696125,0.17323231,100200,477,,,
B-repair_clip,WP3,20,4,SINGLE_VARIANCE,lhs,comma,clip,0.24288318,0.15257045,100200,477,,,
B-repair_clip,WP3,20,5,SINGLE_VARIANCE,lhs,comma,clip,0.24913986,0.13074063,100200,477,,,
B-repair_clip,WP3,20,6,SINGLE_VARIANCE,lhs,comma,clip,0.22777639,0.2052787,100200,477,,,
B-repair_clip,WP3,20,7,SINGLE_VARIANCE,lhs,comma,clip,0.25527092,0.10934914,100200,477,,,
B-repair_clip,WP3,20,8,SINGLE_VARIANCE,lhs,comma,clip,0.22372198,0.21942469,100200,477,,,
B-repair_clip,WP3,20,9,SINGLE_VARIANCE,lhs,comma,clip,0.22878999,0.2017422,100200,477,,,
B-repair_clip,WP3,20,10,SINGLE_VARIANCE,lhs,comma,clip,0.22800163,0.2044928,100200,477,,,
B-repair_clip,WP3,20,11,SINGLE_VARIANCE,lhs,comma,clip,0.22869749,0.20206493,100200,477,,,
B-repair_clip,WP3,20,12,SINGLE_VARIANCE,lhs,comma,clip,0.25282453,0.11788468,100200,477,,,
B-repair_clip,WP3,20,13,SINGLE_VARIANCE,lhs,comma,clip,0.22533452,0.21379845,100200,477,,,
B-repair_clip,WP3,20,14,SINGLE_VARIANCE,lhs,comma,clip,0.22399551,0.21847032,100200,477,,,
B-repair_clip,WP3,20,15,SINGLE_VARIANCE,lhs,comma,clip,0.23632768,0.17544287,100200,477,,,
B-repair_clip,WP3,20,16,SINGLE_VARIANCE,lhs,comma,clip,0.23358692,0.18500551,100200,477,,,
B-repair_clip,WP3,20,17,SINGLE_VARIANCE,lhs,comma,clip,0.23449553,0.18183531,100200,477,,,
B-repair_clip,WP3,20,18,SINGLE_VARIANCE,lhs,comma,clip,0.23709784,0.17275576,100200,477,,,
B-repair_clip,WP3,20,19,SINGLE_VARIANCE,lhs,comma,clip,0.21620967,0.24563544,100200,477,,,
B-repair_clip,WP3,20,20,SINGLE_VARIANCE,lhs,comma,clip,0.24797583,0.134802,100200,477,,,
B-repair_clip,WP3,20,21,SINGLE_VARIANCE,lhs,comma,clip,0.24335816,0.15091324,100200,477,,,
B-repair_clip,WP3,20,22,SINGLE_VARIANCE,lhs,comma,clip,0.24691135,0.13851602,100200,477,,,
B-repair_clip,WP3,20,23,SINGLE_VARIANCE,lhs,comma,clip,0.24469691,0.1462423,100200,477,,,
B-repair_clip,WP3,20,24,SINGLE_VARIANCE,lhs,comma,clip,0.24447268,0.14702462,100200,477,,,
B-repair_reflect,WP3,7,0,SINGLE_VARIANCE,lhs,comma,reflect,0.51342971,0.04192712,100200,477,,,
B-repair_reflect,WP3,7,1,SINGLE_VARIANCE,lhs,comma,reflect,0.51785381,0.03367164,100200,477,,,
B-repair_reflect,WP3,7,2,SINGLE_VARIANCE,lhs,comma,reflect,0.50306588,0.06126628,100200,477,,,
B-repair_reflect,WP3,7,3,SINGLE_VARIANCE,lhs,comma,reflect,0.50387751,0.05975177,100200,477,,,
B-repair_reflect,WP3,7,4,SINGLE_VARIANCE,lhs,comma,reflect,0.51376854,0.04129485,100200,477,,,
B-repair_reflect,WP3,7,5,SINGLE_VARIANCE,lhs,comma,reflect,0.5193634,0.03085471,100200,477,,,
B-repair_reflect,WP3,7,6,SINGLE_VARIANCE,lhs,comma,reflect,0.50919559,0.04982809,100200,477,,,
B-repair_reflect,WP3,7,7,SINGLE_VARIANCE,lhs,comma,reflect,0.52683673,0.01690928,100200,477,13260,,
B-repair_reflect,WP3,7,8,SINGLE_VARIANCE,lhs,comma,reflect,0.50391494,0.05968192,100200,477,,,
B-repair_reflect,WP3,7,9,SINGLE_VARIANCE,lhs,comma,reflect,0.5093449,0.04954947,100200,477,,,
B-repair_reflect,WP3,7,10,SINGLE_VARIANCE,lhs,comma,reflect,0.51348791,0.04181851,100200,477,,,
B-repair_reflect,WP3,7,11,SINGLE_VARIANCE,lhs,comma,reflect,0.53022446,0.01058768,100200,477,9900,,
B-repair_reflect,WP3,7,12,SINGLE_VARIANCE,lhs,comma,reflect,0.51259403,0.04348652,100200,477,,,
B-repair_reflect,WP3,7,13,SINGLE_VARIANCE,lhs,comma,reflect,0.5236567,0.02284329,100200,477,,,
B-repair_reflect,WP3,7,14,SINGLE_VARIANCE,lhs,comma,reflect,0.50379852,0.05989917,100200,477,,,
B-repair_reflect,WP3,7,15,SINGLE_VARIANCE,lhs,comma,reflect,0.51734515,0.0346208,100200,477,,,
B-repair_reflect,WP3,7,16,SINGLE_VARIANCE,lhs,comma,reflect,0.50263644,0.06206763,100200,477,,,
B-repair_reflect,WP3,7,17,SINGLE_VARIANCE,lhs,comma,reflect,0.50450812,0.05857503,100200,477,,,
B-repair_reflect,WP3,7,18,SINGLE_VARIANCE,lhs,comma,reflect,0.51363536,0.04154337,100200,477,,,
B-repair_reflect,WP3,7,19,SINGLE_VARIANCE,lhs,comma,reflect,0.52397872,0.0222424,100200,477,,,
B-repair_reflect,WP3,7,20,SINGLE_VARIANCE,lhs,comma,reflect,0.52019482,0.02930324,100200,477,,,
B-repair_reflect,WP3,7,21,SINGLE_VARIANCE,lhs,comma,reflect,0.53435426,0.00288138,100200,477,8850,,
B-repair_reflect,WP3,7,22,SINGLE_VARIANCE,lhs,comma,reflect,0.51245384,0.04374811,100200,477,,,
B-repair_reflect,WP3,7,23,SINGLE_VARIANCE,lhs,comma,reflect,0.51580412,0.03749641,100200,477,,,
B-repair_reflect,WP3,7,24,SINGLE_VARIANCE,lhs,comma,reflect,0.50333475,0.06076457,100200,477,,,
B-repair_reflect,WP3,10,0,SINGLE_VARIANCE,lhs,comma,reflect,0.40097257,0.04820308,100200,477,,,
B-repair_reflect,WP3,10,1,SINGLE_VARIANCE,lhs,comma,reflect,0.37701875,0.10506277,100200,477,,,
B-repair_reflect,WP3,10,2,SINGLE_VARIANCE,lhs,comma,reflect,0.38905997,0.07648028,100200,477,,,
B-repair_reflect,WP3,10,3,SINGLE_VARIANCE,lhs,comma,reflect,0.37709893,0.10487244,100200,477,,,
B-repair_reflect,WP3,10,4,SINGLE_VARIANCE,lhs,comma,reflect,0.38111782,0.09533271,100200,477,,,
B-repair_reflect,WP3,10,5,SINGLE_VARIANCE,lhs,comma,reflect,0.38546325,0.08501788,100200,477,,,
B-repair_reflect,WP3,10,6,SINGLE_VARIANCE,lhs,comma,reflect,0.3994114,0.05190886,100200,477,,,
B-repair_reflect,WP3,10,7,SINGLE_VARIANCE,lhs,comma,reflect,0.40231595,0.04501427,100200,477,,,
B-repair_reflect,WP3,10,8,SINGLE_VARIANCE,lhs,comma,reflect,0.38794109,0.07913617,100200,477,,,
B-repair_reflect,WP3,10,9,SINGLE_VARIANCE,lhs,comma,reflect,0.39166928,0.07028649,100200,477,,,
B-repair_reflect,WP3,10,10,SINGLE_VARIANCE,lhs,comma,reflect,0.39562748,0.06089085,100200,477,,,
B-repair_reflect,WP3,10,11,SINGLE_VARIANCE,lhs,comma,reflect,0.38938723,0.07570345,100200,477,,,
B-repair_reflect,WP3,10,12,SINGLE_VARIANCE,lhs,comma,reflect,0.40114899,0.04778431,100200,477,,,
B-repair_reflect,WP3,10,13,SINGLE_VARIANCE,lhs,comma,reflect,0.37627337,0.10683208,100200,477,,,
B-repair_reflect,WP3,10,14,SINGLE_VARIANCE,lhs,comma,reflect,0.39285791,0.06746503,100200,477,,,
B-repair_reflect,WP3,10,15,SINGLE_VARIANCE,lhs,comma,reflect,0.39150659,0.07067268,100200,477,,,
B-repair_reflect,WP3,10,16,SINGLE_VARIANCE,lhs,comma,reflect,0.39327579,0.0664731,100200,477,,,
B-repair_reflect,WP3,10,17,SINGLE_VARIANCE,lhs,comma,reflect,0.36216356,0.14032483,100200,477,,,
B-repair_reflect,WP3,10,18,SINGLE_VARIANCE,lhs,comma,reflect,0.38151092,0.09439961,100200,477,,,
B-repair_reflect,WP3,10,19,SINGLE_VARIANCE,lhs,comma,reflect,0.37461303,0.11077326,100200,477,,,
B-repair_reflect,WP3,10,20,SINGLE_VARIANCE,lhs,comma,reflect,0.38535624,0.08527189,100200,477,,,
B-repair_reflect,WP3,10,21,SINGLE_VARIANCE,lhs,comma,reflect,0.37023647,0.121162,100200,477,,,
B-repair_reflect,WP3,10,22,SINGLE_VARIANCE,lhs,comma,reflect,0.3625003,0.13952551,100200,477,,,
B-repair_reflect,WP3,10,23,SINGLE_VARIANCE,lhs,comma,reflect,0.38465368,0.08693958,100200,477,,,
B-repair_reflect,WP3,10,24,SINGLE_VARIANCE,lhs,comma,reflect,0.38481275,0.08656198,100200,477,,,
B-repair_reflect,WP3,15,0,SINGLE_VARIANCE,lhs,comma,reflect,0.29227293,0.14309913,100200,477,,,
B-repair_reflect,WP3,15,1,SINGLE_VARIANCE,lhs,comma,reflect,0.26639634,0.21896545,100200,477,,,
B-repair_reflect,WP3,15,2,SINGLE_VARIANCE,lhs,comma,reflect,0.28350108,0.16881688,100200,477,,,
B-repair_reflect,WP3,15,3,SINGLE_VARIANCE,lhs,comma,reflect,0.28951139,0.15119555,100200,477,,,
B-repair_reflect,WP3,15,4,SINGLE_VARIANCE,lhs,comma,reflect,0.27850243,0.1834722,100200,477,,,
B-repair_reflect,WP3,15,5,SINGLE_VARIANCE,lhs,comma,reflect,0.27900845,0.18198862,100200,477,,,
B-repair_reflect,WP3,15,6,SINGLE_VARIANCE,lhs,comma,reflect,0.28602738,0.16141016,100200,477,,,
B-repair_reflect,WP3,15,7,SINGLE_VARIANCE,lhs,comma,reflect,0.29901934,0.12331966,100200,477,,,
B-repair_reflect,WP3,15,8,SINGLE_VARIANCE,lhs,comma,reflect,0.27657006,0.1891376,100200,477,,,
B-repair_reflect,WP3,15,9,SINGLE_VARIANCE,lhs,comma,reflect,0.28162339,0.17432199,100200,477,,,
B-repair_reflect,WP3,15,10,SINGLE_VARIANCE,lhs,comma,reflect,0.29510975,0.13478201,100200,477,,,
B-repair_reflect,WP3,15,11,SINGLE_VARIANCE,lhs,comma,reflect,0.2926862,0.14188748,100200,477,,,
B-repair_reflect,WP3,15,12,SINGLE_VARIANCE,lhs,comma,reflect,0.29730876,0.12833483,100200,477,,,
B-repair_reflect,WP3,15,13,SINGLE_VARIANCE,lhs,comma,reflect,0.29659437,0.1304293,100200,477,,,
B-repair_reflect,WP3,15,14,SINGLE_VARIANCE,lhs,comma,reflect,0.28258454,0.17150404,100200,477,,,
B-repair_reflect,WP3,15,15,SINGLE_VARIANCE,lhs,comma,reflect,0.27107636,0.20524431,100200,477,,,
B-repair_reflect,WP3,15,16,SINGLE_VARIANCE,lhs,comma,reflect,0.27243668,0.20125607,100200,477,,,
B-repair_reflect,WP3,15,17,SINGLE_VARIANCE,lhs,comma,reflect,0.28949779,0.15123542,100200,477,,,
B-repair_reflect,WP3,15,18,SINGLE_VARIANCE,lhs,comma,reflect,0.28381779,0.16788835,100200,477,,,
B-repair_reflect,WP3,15,19,SINGLE_VARIANCE,lhs,comma,reflect,0.28034786,0.17806165,100200,477,,,
B-repair_reflect,WP3,15,20,SINGLE_VARIANCE,lhs,comma,reflect,0.27664876,0.18890688,100200,477,,,
B-repair_reflect,WP3,15,21,SINGLE_VARIANCE,lhs,comma,reflect,0.26784095,0.21473008,100200,477,,,
B-repair_reflect,WP3,15,22,SINGLE_VARIANCE,lhs,comma,reflect,0.28421694,0.1667181,100200,477,,,
B-repair_reflect,WP3,15,23,SINGLE_VARIANCE,lhs,comma,reflect,0.2741213,0.19631701,100200,477,,,
B-repair_reflect,WP3,15,24,SINGLE_VARIANCE,lhs,comma,reflect,0.26048819,0.23628726,100200,477,,,
B-repair_reflect,WP3,20,0,SINGLE_VARIANCE,lhs,comma,reflect,0.23411743,0.18315453,100200,477,,,
B-repair_reflect,WP3,20,1,SINGLE_VARIANCE,lhs,comma,reflect,0.2175195,0.24106539,100200,477,,,
B-repair_reflect,WP3,20,2,SINGLE_VARIANCE,lhs,comma,reflect,0.23232512,0.18940797,100200,477,,,
B-repair_reflect,WP3,20,3,SINGLE_VARIANCE,lhs,comma,reflect,0.22732579,0.20685086,100200,477,,,
B-repair_reflect,WP3,20,4,SINGLE_VARIANCE,lhs,comma,reflect,0.1970589,0.31245329,100200,477,,,
B-repair_reflect,WP3,20,5,SINGLE_VARIANCE,lhs,comma,reflect,0.22475794,0.21581018,100200,477,,,
B-repair_reflect,WP3,20,6,SINGLE_VARIANCE,lhs,comma,reflect,0.25156693,0.12227248,100200,477,,,
B-repair_reflect,WP3,20,7,SINGLE_VARIANCE,lhs,comma,reflect,0.2193378,0.23472126,100200,477,,,
B-repair_reflect,WP3,20,8,SINGLE_VARIANCE,lhs,comma,reflect,0.22831444,0.20340141,100200,477,,,
B-repair_reflect,WP3,20,9,SINGLE_VARIANCE,lhs,comma,reflect,0.22860761,0.20237853,100200,477,,,
B-repair_reflect,WP3,20,10,SINGLE_VARIANCE,lhs,comma,reflect,0.22109724,0.22858253,100200,477,,,
B-repair_reflect,WP3,20,11,SINGLE_VARIANCE,lhs,comma,reflect,0.20839772,0.27289167,100200,477,,,
B-repair_reflect,WP3,20,12,SINGLE_VARIANCE,lhs,comma,reflect,0.23675187,0.17396287,100200,477,,,
B-repair_reflect,WP3,20,13,SINGLE_VARIANCE,lhs,comma,reflect,0.22992991,0.19776496,100200,477,,,
B-repair_reflect,WP3,20,14,SINGLE_VARIANCE,lhs,comma,reflect,0.23949086,0.1644064,100200,477,,,
B-repair_reflect,WP3,20,15,SINGLE_VARIANCE,lhs,comma,reflect,0.0802504,0.720003,100200,477,,,
B-repair_reflect,WP3,20,16,SINGLE_VARIANCE,lhs,comma,reflect,0.21761578,0.24072948,100200,477,,,
B-repair_reflect,WP3,20,17,SINGLE_VARIANCE,lhs,comma,reflect,0.20607276,0.28100355,100200,477,,,
B-repair_reflect,WP3,20,18,SINGLE_VARIANCE,lhs,comma,reflect,0.21911187,0.23550956,100200,477,,,
B-repair_reflect,WP3,20,19,SINGLE_VARIANCE,lhs,comma,reflect,0.22666576,0.20915372,100200,477,,,
B-repair_reflect,WP3,20,20,SINGLE_VARIANCE,lhs,comma,reflect,0.22691372,0.20828857,100200,477,,,
B-repair_reflect,WP3,20,21,SINGLE_VARIANCE,lhs,comma,reflect,0.22146195,0.22731003,100200,477,,,
B-repair_reflect,WP3,20,22,SINGLE_VARIANCE,lhs,comma,reflect,0.22170719,0.22645436,100200,477,,,
B-repair_reflect,WP3,20,23,SINGLE_VARIANCE,lhs,comma,reflect,0.22067995,0.23003845,100200,477,,,
B-repair_reflect,WP3,20,24,SINGLE_VARIANCE,lhs,comma,reflect,0.11322324,0.60495939,100200,477,,,
