init_scheme,n_circles,seed,final_best,final_gap
random,7,0,0.50834024,0.0514242
random,7,1,0.50125408,0.06464715
random,7,2,0.50012583,0.06675249
random,7,3,0.50361945,0.06023331
random,7,4,0.51153835,0.04545645
random,7,5,0.4996038,0.06772662
random,7,6,0.50767069,0.05267359
random,7,7,0.50751272,0.05296837
random,7,8,0.50357189,0.06032206
random,7,9,0.51807013,0.03326797
random,7,10,0.50351743,0.06042369
random,7,11,0.52000961,0.02964885
random,7,12,0.5065346,0.05479357
random,7,13,0.5008517,0.06539801
random,7,14,0.53081152,0.00949223
random,7,15,0.50542516,0.05686382
random,7,16,0.5035728,0.06032037
random,7,17,0.50905086,0.05009817
random,7,18,0.50303625,0.06132158
random,7,19,0.52696702,0.01666616
random,7,20,0.51499703,0.03900247
random,7,21,0.52657993,0.01738847
random,7,22,0.52666503,0.01722968
random,7,23,0.50213792,0.06299788
random,7,24,0.5058402,0.05608934
random,10,0,0.34492334,0.18124831
random,10,1,0.33383733,0.2075634
random,10,2,0.35867446,0.14860699
random,10,3,0.19923437,0.52707324
random,10,4,0.37845039,0.10166444
random,10,5,0.38968284,0.07500175
random,10,6,0.37535536,0.10901119
random,10,7,0.3353745,0.20391459
random,10,8,0.1692841,0.59816682
random,10,9,0.3496381,0.17005678
random,10,10,0.19536687,0.5362536
random,10,11,0.36624238,0.13064286
random,10,12,0.36743936,0.12780157
random,10,13,0.16736385,0.60272496
random,10,14,0.36593011,0.13138409
random,10,15,0.34156917,0.18921016
random,10,16,0.36260426,0.13927873
random,10,17,0.35207033,0.16428335
random,10,18,0.34833955,0.17313918
random,10,19,0.35284545,0.16244344
random,10,20,0.37815386,0.10236832
random,10,21,0.38921652,0.07610867
random,10,22,0.35934095,0.14702493
random,10,23,0.34761703,0.17485423
random,10,24,0.34263896,0.18667079
random,15,0,0.11902735,0.65102946
random,15,1,0.13136582,0.61485491
random,15,2,0.12749866,0.62619284
random,15,3,0.26893495,0.21152264
random,15,4,0.25322022,0.25759587
random,15,5,0.13167933,0.61393574
random,15,6,0.13816036,0.59493433
random,15,7,0.13339944,0.60889263
random,15,8,0.13983832,0.59001479
random,15,9,0.12331381,0.63846221
random,15,10,0.12739879,0.62648565
random,15,11,0.16325405,0.52136336
random,15,12,0.27906385,0.18182619
random,15,13,0.25472949,0.25317093
random,15,14,0.13000974,0.61883072
random,15,15,0.2541683,0.25481625
random,15,16,0.13019459,0.61828877
random,15,17,0.2532146,0.25761235
random,15,18,0.12117436,0.64473475
random,15,19,0.13937331,0.59137813
random,15,20,0.28108032,0.17591421
random,15,21,0.13525287,0.60345866
random,15,22,0.13221244,0.61237273
random,15,23,0.12401038,0.63641997
random,15,24,0.25123611,0.26341299
random,20,0,0.08870406,0.69050783
random,20,1,0.08779461,0.69368095
random,20,2,0.09667476,0.66269773
random,20,3,0.10354758,0.63871817
random,20,4,0.09564196,0.6663012
random,20,5,0.0872239,0.69567216
random,20,6,0.10416821,0.63655279
random,20,7,0.09776661,0.65888823
random,20,8,0.1050354,0.63352712
random,20,9,0.09647292,0.66340195
random,20,10,0.08461356,0.70477977
random,20,11,0.09451435,0.67023548
random,20,12,0.09383269,0.67261383
random,20,13,0.20904398,0.27063684
random,20,14,0.08624458,0.69908908
random,20,15,0.10977855,0.61697805
random,20,16,0.22112058,0.22850109
random,20,17,0.10237498,0.64280942
random,20,18,0.10604814,0.62999361
random,20,19,0.2172158,0.24212501
random,20,20,0.09884535,0.65512445
random,20,21,0.08529764,0.70239298
random,20,22,0.09138745,0.68114537
random,20,23,0.09306957,0.6752764
random,20,24,0.09885453,0.65509241
lhs,7,0,0.52346189,0.02320682
lhs,7,1,0.52127181,0.02729355
lhs,7,2,0.50248114,0.06235742
lhs,7,3,0.51468215,0.03959004
lhs,7,4,0.51915596,0.03124178
lhs,7,5,0.50698872,0.05394616
lhs,7,6,0.5172864,0.03473044
lhs,7,7,0.50380164,0.05989335
lhs,7,8,0.49045181,0.08480446
lhs,7,9,0.52402095,0.0221636
lhs,7,10,0.51180242,0.04496369
lhs,7,11,0.50043833,0.06616937
lhs,7,12,0.50639543,0.05505326
lhs,7,13,0.50790963,0.05222772
lhs,7,14,0.50833338,0.051437
lhs,7,15,0.50296748,0.0614499
lhs,7,16,0.50110747,0.06492072
lhs,7,17,0.52070558,0.02835016
lhs,7,18,0.52112662,0.02756448
lhs,7,19,0.50311767,0.06116965
lhs,7,20,0.5097985,0.04870305
lhs,7,21,0.50723671,0.05348341
lhs,7,22,0.51487983,0.03922115
lhs,7,23,0.50765901,0.0526954
lhs,7,24,0.49623347,0.07401575
lhs,10,0,0.19307309,0.54169841
lhs,10,1,0.34636016,0.17783769
lhs,10,2,0.37669875,0.10582236
lhs,10,3,0.38682456,0.08178651
lhs,10,4,0.35976971,0.14600717
lhs,10,5,0.34385817,0.18377673
lhs,10,6,0.35379266,0.16019503
lhs,10,7,0.37071109,0.12003539
lhs,10,8,0.34225169,0.18759006
lhs,10,9,0.38109084,0.09539677
lhs,10,10,0.36493101,0.13375569
lhs,10,11,0.38582101,0.08416867
lhs,10,12,0.37052891,0.12046783
lhs,10,13,0.38206742,0.09307864
lhs,10,14,0.36186588,0.14103145
lhs,10,15,0.18668308,0.5568665
lhs,10,16,0.37838561,0.10181822
lhs,10,17,0.19374446,0.54010476
lhs,10,18,0.36521931,0.13307135
lhs,10,19,0.38951111,0.0754094
lhs,10,20,0.36333899,0.1375347
lhs,10,21,0.3838345,0.08888408
lhs,10,22,0.36493563,0.13374472
lhs,10,23,0.36080724,0.14354436
lhs,10,24,0.33896358,0.19539511
lhs,15,0,0.15763232,0.53784542
lhs,15,1,0.13423631,0.60643905
lhs,15,2,0.12445872,0.6351055
lhs,15,3,0.26960898,0.20954648
lhs,15,4,0.13360642,0.6082858
lhs,15,5,0.22595246,0.3375409
lhs,15,6,0.26888497,0.21166915
lhs,15,7,0.1099413,0.67766843
lhs,15,8,0.25664397,0.24755796
lhs,15,9,0.13393853,0.60731211
lhs,15,10,0.12214837,0.64187911
lhs,15,11,0.26182743,0.23236082
lhs,15,12,0.1226486,0.6404125
lhs,15,13,0.13924099,0.59176606
lhs,15,14,0.13008253,0.61861733
lhs,15,15,0.12917571,0.62127598
lhs,15,16,0.25319488,0.25767018
lhs,15,17,0.28732792,0.15759717
lhs,15,18,0.12020796,0.6475681
lhs,15,19,0.12445126,0.63512738
lhs,15,20,0.1200628,0.64799367
lhs,15,21,0.12706146,0.62747466
lhs,15,22,0.11836371,0.65297517
lhs,15,23,0.10880545,0.68099856
lhs,15,24,0.11681662,0.657511
lhs,20,0,0.10832512,0.62204916
lhs,20,1,0.09052691,0.68414785
lhs,20,2,0.10270822,0.64164673
lhs,20,3,0.09554944,0.66662401
lhs,20,4,0.10161189,0.64547187
lhs,20,5,0.09723169,0.66075459
lhs,20,6,0.09178534,0.67975713
lhs,20,7,0.14899417,0.48015314
lhs,20,8,0.1056125,0.63151358
lhs,20,9,0.1183782,0.58697352
lhs,20,10,0.1081551,0.62264233
lhs,20,11,0.10468306,0.63475644
lhs,20,12,0.21254019,0.25843843
lhs,20,13,0.09527143,0.667594
lhs,20,14,0.10262361,0.64194195
lhs,20,15,0.0911133,0.68210192
lhs,20,16,0.0892808,0.68849557
lhs,20,17,0.10828504,0.62218899
lhs,20,18,0.1207543,0.57868323
lhs,20,19,0.08276896,0.71121566
lhs,20,20,0.08737508,0.69514469
lhs,20,21,0.10446979,0.63550053
lhs,20,22,0.09805365,0.65788674
lhs,20,23,0.2021395,0.29472685
lhs,20,24,0.1057729,0.63095396
warm,7,0,0.51007866,0.04818027
warm,7,1,0.51347686,0.04183913
warm,7,2,0.50886031,0.05045373
warm,7,3,0.50152028,0.06415041
warm,7,4,0.51384228,0.04115725
warm,7,5,0.50030165,0.06642442
warm,7,6,0.50205339,0.06315563
warm,7,7,0.50405353,0.05942331
warm,7,8,0.52818839,0.01438705
warm,7,9,0.48898073,0.08754953
warm,7,10,0.52162692,0.02663092
warm,7,11,0.51618298,0.03678944
warm,7,12,0.51645497,0.0362819
warm,7,13,0.51727564,0.03475052
warm,7,14,0.51310655,0.04253013
warm,7,15,0.50234213,0.06261682
warm,7,16,0.52370758,0.02274836
warm,7,17,0.50629067,0.05524875
warm,7,18,0.50398454,0.05955204
warm,7,19,0.51171882,0.04511968
warm,7,20,0.51207948,0.04444669
warm,7,21,0.53262384,0.00611039
warm,7,22,0.27638096,0.4842661
warm,7,23,0.52107959,0.02765224
warm,7,24,0.50181313,0.06360396
warm,10,0,0.35307886,0.16188939
warm,10,1,0.37171367,0.11765553
warm,10,2,0.37148982,0.11818689
warm,10,3,0.39564366,0.06085243
warm,10,4,0.37080449,0.11981367
warm,10,5,0.37849293,0.10156347
warm,10,6,0.35456868,0.15835296
warm,10,7,0.3712528,0.11874952
warm,10,8,0.37526624,0.10922273
warm,10,9,0.35581997,0.15538275
warm,10,10,0.18305194,0.5654858
warm,10,11,0.20805467,0.50613631
warm,10,12,0.35061703,0.16773308
warm,10,13,0.39353437,0.0658593
warm,10,14,0.20721972,0.50811824
warm,10,15,0.22329593,0.46995781
warm,10,16,0.35310894,0.16181797
warm,10,17,0.36501608,0.13355374
warm,10,18,0.38327272,0.09021759
warm,10,19,0.38870357,0.07732626
warm,10,20,0.35233747,0.16364923
warm,10,21,0.36592268,0.13140174
warm,10,22,0.20954758,0.50259257
warm,10,23,0.37300388,0.11459296
warm,10,24,0.40363717,0.04187806
warm,15,0,0.11915671,0.6506502
warm,15,1,0.13933233,0.59149829
warm,15,2,0.11736806,0.65589425
warm,15,3,0.29072099,0.14764918
warm,15,4,0.13222968,0.6123222
warm,15,5,0.23909159,0.29901893
warm,15,6,0.1605226,0.52937154
warm,15,7,0.13641037,0.60006503
warm,15,8,0.13423385,0.60644626
warm,15,9,0.11991028,0.64844084
warm,15,10,0.12774926,0.62545813
warm,15,11,0.2791741,0.18150294
warm,15,12,0.25198587,0.26121482
warm,15,13,0.13188199,0.61334158
warm,15,14,0.30093088,0.11771529
warm,15,15,0.14822332,0.56543121
warm,15,16,0.1274917,0.62621324
warm,15,17,0.11745583,0.65563692
warm,15,18,0.13485841,0.60461514
warm,15,19,0.15034192,0.55921979
warm,15,20,0.13082672,0.61643548
warm,15,21,0.12547395,0.63212899
warm,15,22,0.12159286,0.64350778
warm,15,23,0.14324458,0.58002814
warm,15,24,0.12485623,0.63394005
warm,20,0,0.12091824,0.57811122
warm,20,1,0.11118243,0.61207988
warm,20,2,0.10610001,0.62981264
warm,20,3,0.09609858,0.66470806
warm,20,4,0.08724834,0.69558692
warm,20,5,0.11972943,0.58225902
warm,20,6,0.08409066,0.70660419
warm,20,7,0.21869665,0.23695826
warm,20,8,0.09803337,0.65795748
warm,20,9,0.20556606,0.28277144
warm,20,10,0.11218889,0.60856829
warm,20,11,0.10936264,0.61842918
warm,20,12,0.08924639,0.68861563
warm,20,13,0.09893379,0.65481589
warm,20,14,0.09061579,0.68383774
warm,20,15,0.09106329,0.68227637
warm,20,16,0.09793631,0.65829612
warm,20,17,0.09520716,0.66781826
warm,20,18,0.08856182,0.69100411
warm,20,19,0.08707088,0.69620608
warm,20,20,0.12090529,0.5781564
warm,20,21,0.1057018,0.63120201
warm,20,22,0.21657058,0.24437622
warm,20,23,0.08580491,0.70062311
warm,20,24,0.09346403,0.67390009
clustered,7,0,0.51309747,0.04254708
clustered,7,1,0.50428883,0.05898423
clustered,7,2,0.51012182,0.04809973
clustered,7,3,0.50110221,0.06493055
clustered,7,4,0.51613271,0.03688325
clustered,7,5,0.50838039,0.05134928
clustered,7,6,0.51458686,0.03976785
clustered,7,7,0.49564593,0.0751121
clustered,7,8,0.50450514,0.0585806
clustered,7,9,0.52309694,0.02388782
clustered,7,10,0.50362088,0.06023064
clustered,7,11,0.50916814,0.04987932
clustered,7,12,0.50225196,0.06278509
clustered,7,13,0.51276566,0.04316626
clustered,7,14,0.48910574,0.08731627
clustered,7,15,0.50229265,0.06270916
clustered,7,16,0.51307899,0.04258158
clustered,7,17,0.50762765,0.05275391
clustered,7,18,0.51565336,0.03777773
clustered,7,19,0.50691838,0.05407743
clustered,7,20,0.51766295,0.03402779
clustered,7,21,0.51962746,0.03036196
clustered,7,22,0.500601,0.06586581
clustered,7,23,0.50101656,0.06509037
clustered,7,24,0.49347982,0.07915412
clustered,10,0,0.3436446,0.18428367
clustered,10,1,0.38686382,0.08169332
clustered,10,2,0.37539576,0.1089153
clustered,10,3,0.39234845,0.06867433
clustered,10,4,0.18886233,0.55169355
clustered,10,5,0.35803853,0.1501165
clustered,10,6,0.35264612,0.16291659
clustered,10,7,0.38662807,0.08225292
clustered,10,8,0.3811223,0.09532209
clustered,10,9,0.37017846,0.12129971
clustered,10,10,0.38311879,0.09058298
clustered,10,11,0.38712645,0.0810699
clustered,10,12,0.39377672,0.06528402
clustered,10,13,0.37328007,0.11393735
clustered,10,14,0.3650532,0.13346564
clustered,10,15,0.34090973,0.19077549
clustered,10,16,0.36352995,0.1370814
clustered,10,17,0.37094107,0.11948947
clustered,10,18,0.3651314,0.13328001
clustered,10,19,0.39279844,0.06760618
clustered,10,20,0.2231163,0.47038421
clustered,10,21,0.35515842,0.15695307
clustered,10,22,0.1904993,0.54780785
clustered,10,23,0.34843906,0.17290298
clustered,10,24,0.36261745,0.13924742
clustered,15,0,0.13049262,0.61741501
clustered,15,1,0.26291846,0.22916208
clustered,15,2,0.28435402,0.16631618
clustered,15,3,0.11987995,0.64852976
clustered,15,4,0.11273935,0.66946494
clustered,15,5,0.11967147,0.64914101
clustered,15,6,0.12174837,0.64305184
clustered,15,7,0.26314557,0.22849622
clustered,15,8,0.12538341,0.63239443
clustered,15,9,0.13317986,0.60953641
clustered,15,10,0.26614541,0.21970114
clustered,15,11,0.133285,0.60922814
clustered,15,12,0.26840171,0.21308599
clustered,15,13,0.26834599,0.21324938
clustered,15,14,0.1240317,0.63635745
clustered,15,15,0.12666752,0.62862963
clustered,15,16,0.29375065,0.13876666
clustered,15,17,0.13173315,0.61377796
clustered,15,18,0.12719837,0.62707325
clustered,15,19,0.12787247,0.62509688
clustered,15,20,0.11832218,0.65309692
clustered,15,21,0.25774033,0.24434358
clustered,15,22,0.15220287,0.55376378
clustered,15,23,0.25243972,0.2598842
clustered,15,24,0.13589373,0.60157974
clustered,20,0,0.09339615,0.67413694
clustered,20,1,0.07787523,0.72829008
clustered,20,2,0.20847006,0.27263927
clustered,20,3,0.10557359,0.63164936
clustered,20,4,0.11102228,0.61263865
clustered,20,5,0.09386504,0.67250097
clustered,20,6,0.09972161,0.65206715
clustered,20,7,0.11952321,0.58297852
clustered,20,8,0.10805751,0.62298285
clustered,20,9,0.09459774,0.66994453
clustered,20,10,0.09962859,0.65239168
clustered,20,11,0.10508905,0.63333993
clustered,20,12,0.08420749,0.70619656
clustered,20,13,0.1000409,0.65095312
clustered,20,14,0.10195436,0.64427699
clustered,20,15,0.09161221,0.68036118
clustered,20,16,0.09826915,0.65713485
clustered,20,17,0.09950341,0.65282845
clustered,20,18,0.09685985,0.66205193
clustered,20,19,0.09029738,0.68494868
clustered,20,20,0.10310031,0.64027873
clustered,20,21,0.09849594,0.65634355
clustered,20,22,0.10093431,0.64783597
clustered,20,23,0.08293049,0.71065205
clustered,20,24,0.10031252,0.65000544
